validator_id,validator_address,name,image,website,description,operator_address,pub_key,apr,city,country,latitude,longitude,region,timezone,status,stake,execution_stake,power,uptime,execution_commission,commission,validator_created_time
16,0xC11Ae71884A76744Fa7976e09AC5441F1233Ef6F,MonadVision,https://blockvision.org/logo-purple.svg,https://blockvision.org,"BlockVision is a leading provider of Web3 data and node services, specializing in explorer solutions, RPC nodes, indexing APIs, and validator services.",0x32eC9f91169b8fdf4dacde85bA05F6D3F3b6DA63,036e44a092493800e427b2b08d3427d804348b1368ecd0a6af6510ae40ce507187,12.7956,Singapore,Singapore,1.28967,103.85007,Singapore,Asia/Singapore,active,112293260.76333451,112391577.8732032,0.77054,0,10,10,1762825218
172,0x637b9590437055D0aab43a337475F42a5B900A85,Allnodes,https://www.allnodes.com/assets/logo.png,https://www.allnodes.com,Reliable non-custodial Validator run by the industry leader - Allnodes,0x6605a667684a02bE1b0Fa058d50F8e9D8a52d4c7,03c4a66f8b3febbe8785d865703f29a99dfb72e59c43d90a9be8f793c221f36b09,11.8907,Falkenstein,Germany,50.47788,12.37129,Saxony,Europe/Berlin,active,492307376.32140255,512130678.8840525,3.37816,0,10,10,1763834232
3,0x797EEf96bF01528a0FefF826F693442c70FD6371,gmonads.com,https://www.gmonads.com/logo.png,https://www.gmonads.com/,"High-performance validator built for the Monad community, reinvesting into open data.",0xA63dd8Fc7303BDD6cd66A66a49d4171146f89809,0316e0861acf92dc4c0e357f73fe07263a87b65513a4b73750ab9194f9a39a6a54,12.1065,London,United Kingdom,51.50853,-0.12574,England,Europe/London,active,401184236.4927692,400467519.1654874,2.75288,0,10,10,1762351778
6,0x0818021775F25f86dd0331e33558C5fF5cef63Eb,ProStaking,https://bafybeigaa3mbr4qe4hgc55e6srfliawtzdebrs3lrieas63dfc4vdyhiii.ipfs.w3s.link/ProStaking-CircleMark-360px.png,https://prostaking.com/,Pro Staking for Pro Stakers on the Monad blockchain,0xAE56D07dFeBfc2fD6D740fe9Bf84d440aAA86eEe,03f032be493752229481ab235b40d0351e384aeb170d93898f7713b7121460a045,11.9454,Baton Rouge,United States,30.44332,-91.18747,Louisiana,America/Chicago,active,217405382.30173808,216608402.8414076,1.49181,0,10,10,1762352836
23,0x5391f239E8E28b278BE6dc99F0106e4d464033dF,Nansen | Stake to Stack Points,https://raw.githubusercontent.com/nansen-ai/staking-brand-assets/main/nansen_logo.svg,https://www.nansen.ai,"Nansen is a leading on-chain analytics platform founded in 2020, and is now one of the most trusted names in crypto, serving traders and institutions.Disclaimer: delegating comes with slashing risks",0x9EEa7Cf24351F91BAc039736975C8b9eA23DE3aA,03bdd0a2528c617b554d414c4a0e31c5f228e46dc1a2b806f105fcbe078d1b5b56,11.8322,Beauharnois,Canada,45.31341,-73.8725,Quebec,America/Toronto,active,212588692.94372237,212392045.2098873,1.45876,0,10,10,1762914595
5,0x2068E1FEc70B6C8B3052749A61f55cc0335E1CC8,Alchemy,https://static.alchemyapi.io/logos/alchemy-mark-on-light.png,https://www.alchemy.com,Guaranteed availability and up-time backed by a professional blockchain infrastructure team.,0xEd48036f83fA7E7FA3FE37B3D2287D53CaF92438,02fbb9abb43cff6f29a6ca40182e526847ca132d42abab6d1af517c956d19f7c68,12.167,Lille,France,50.633,3.0586,Hauts-de-France,Europe/Paris,active,203823042.55365586,203817031.67800647,1.39861,0,10,10,1762352572
123,0x6bf8d5eE9d39Bc41b41578E722DE3950e15Bf128,P2P.org üíô,https://cdn.p2p.org/p2p360_logo.png,http://p2p.org/,P2P.org,0x7dE4e57fefBADB6Ed4e40CDCA1e6F314F606eDDf,02b3914ab025eaa7a96bc6b7aa57a1ca0f4eb30df1cdcccdf23f7901a7b08b8f8c,12.291,Amsterdam,The Netherlands,52.37403,4.88969,North Holland,Europe/Amsterdam,active,203497624.07424316,206389425.65610054,1.39638,0,10,10,1763390093
9,0xd18Ea79d1A648160B077F694b835cB84f8B25958,Everstake,https://everstake.one/logo.png,https://everstake.one/,"Everstake is the ‚Ññ1 staking infrastructure platform, trusted by retail and institutional clients worldwide. Committed to the highest standards of compliance, we deliver secure staking solutions across 85+ chains with a reliability rate of 99.98%",0x7d50e88c634E2150fDe22b7f1607Fe669934fCE6,0300a4d5f222b25b615c4f2a6ffbedef95ec62a74bc9d56454b8ff390af54cb329,12.5034,Calais,France,50.95194,1.85635,Hauts-de-France,Europe/Paris,active,200372150.2033314,200218564.75919294,1.37493,0,5,5,1762669268
4,0x1Ba59cC20CEaFe69FbDF57C241bd70742669893D,B-Harvest,https://s3.ap-northeast-2.amazonaws.com/bharvest.io/logo/B-Harvest-Logo-x256.png,https://bharvest.io,Provides secure validation services for dPoS networks,0xF807da338Eb84E5C688eC4fd3D8dFBc9190Cf0fe,031c8bc9614e6d2d9c3642a6cfb2c6edbbcee927db4eec4f21c104f84ee886ece0,12.3101,Seoul,South Korea,37.566,126.9784,Seoul,Asia/Seoul,active,164274913.40290633,163945312.9925749,1.12724,0,10,10,1762351807
11,0x91B26550A47a802d8DC94480041442F499b83b85,Pier Two,https://avatars.githubusercontent.com/u/125952310,https://piertwo.com/,"Established in 2018, Pier Two is an Australian-based, APAC-focused institutional staking provider. Operating highly performant hybrid cloud and bare metal infrastructure, with zonal redundancy.",0x8531F959D02683579f77886f61304DfB87Fc12C7,038c5b6ebb7ad2842c2498ca5ca6da348459b259f7d86fad940f13a7bb43ce7325,13.055,Sydney,Australia,-33.86785,151.20732,New South Wales,Australia/Sydney,active,152894207.09998506,152638858.68259192,1.04914,0,5,5,1762763490
12,0xCb8fAF2Ee9d7C291D0563342753569ae67D2Baa4,Chorus One,https://mirror.chorus.one/c1-logo-circle-1024x1024.png,https://chorus.one/,"Secure Monad and shape its future by delegating to Chorus One, a highly secure and stable validator. By delegating, you agree to the terms of service at: https://chorus.one/tos",0xe89207c96948B7494b39a307D1916287b17c72Ec,0367c93236ecdda5c02d47f054009bae8f20df8de23ab5bc7e09ef74594d6b6f04,11.691,Amsterdam,The Netherlands,52.37403,4.88969,North Holland,Europe/Amsterdam,active,151125127.05845848,150970176.46883005,1.037,0,10,10,1762792679
92,0xf26Bb18E595AC3497AAb70B2642525a4a2d2b158,CMS Holdings,https://raw.githubusercontent.com/DaveWK/general_repo/refs/heads/main/cms-logo-only.png,http://cmsholdings.io/,CMS Holdings is a principal investment firm focusing on digital assets and blockchain technology,0x36b173c207eBD8eA4B193D0FE3A88B22e69eaa9E,02ae1ba7bb248a470a5265bd0533e996165952b0535530acc1d75088e9b5854b5c,12.7799,Somerville,United States,42.3876,-71.0995,Massachusetts,America/New_York,active,146299478.42873693,146299478.42873693,1.00389,0,10,10,1763142804
102,0xc05b83189F1ae3375BA3CbFd9aA751ED9E9A633A,polkachu.com,https://www.polkachu.com/images/polkachu.png,https://www.polkachu.com,"Polkachu is a leading blockchain infrastructure provider, offering secure and reliable services for various blockchain networks.",0xC653E9188532238A36Dd2c02d63eE1931F3E46F0,035f6154a9c5ecdda02616f0411e7ce992e1bc257286e5adb722e768922de23d39,13.3086,Falkenstein,Germany,50.47788,12.37129,Saxony,Europe/Berlin,active,131808673.59352396,131792548.83786093,0.90446,0,0,0,1763189253
10,0xC9ae0f38DF01b55593A8a9cCec88096F64C82b74,Stakin,https://stakin-data.s3.eu-west-2.amazonaws.com/Stakin+Avatar+Square.png,https://stakin.com/,Leading institutional-grade web3 infrastructure and non-custodial staking service provider. ISO27001 Certified and Audited.,0x98464488a21D8112060eD1178fafaeeAA2E61D25,020c05dedec1dd1c1aa1da4b9772660ddb27c9fc5d5333750db159f4a516ae50b7,12.1301,Chicago,United States,41.85003,-87.65005,Illinois,America/Chicago,active,131323224.84643981,131332674.65190867,0.90113,0,10,10,1762680617
7,0x49261E59EC14e32fB616f59F77C397E64a34f2c3,Staking4All,https://raw.githubusercontent.com/staking4all/eigenlayer/main/Stake4All_logo.png,https://www.staking4all.org/,Validator for Proof of Stake blockchains. Delegate to us for a easy staking experience.,0x7E2D603d6867B05D2AFEb978aF6fd1eE8e4451D0,0265c19d462f24f7ece64ab180b6c7b893b8a8bc4184df8b7d539093e3d5daffee,13.9406,Strasbourg,France,48.58392,7.74553,Grand Est,Europe/Paris,active,127247473.15564758,127247474.15564758,0.87316,0,10,10,1762354697
72,0x8F5eFD20BC9082Bdc020A90709F12c356e253Ccb,01node,https://raw.githubusercontent.com/01node/brand-kit/refs/heads/main/png/01node-black-avatar-transparent.png,https://01node.com,"Enterprise-grade blockchain validation, powered by independent infrastructure and decades of technical mastery.",0xDCBF11F8cCae171e7CF0170dBaD3E4AE4A0A4Db5,026c43458dea52f1ad309ef1c9a0eed90f4347146e64074466775675d5942c2a82,12.2182,Bucharest,Romania,44.43225,26.10626,Bucure»ôti,Europe/Bucharest,active,122535842.12401077,122383796.32548374,0.84083,0,10,10,1763075837
128,0x4Da7D80Df59D38Cf8BD100f3C6Ba855Bb37e12e1,Laine ‚ù§Ô∏è by SOL Strategies,https://laine.one/images/ci/icon.png,https://stake.laine.one/,High performance validator by SOL Strategies. ISO27001 & SOC2 Type I certified,0x6338c9253882bb2642D38B7139c5Df21618D05C5,03ff39df45b74dc0b1623e0065db8e6ff0a79a06c9afd72a75ccefd739604db5dc,12.5099,Los Angeles,United States,34.05223,-118.24368,California,America/Los_Angeles,active,122231090.33854617,122231090.33854617,0.83874,0,10,10,1763403994
43,0x700A27D8E959535A134084183C4745a4D3A6a9c9,P-OPS Team,https://pops.one/img/pops-logo.png,https://www.pops.one,"P-OPS TEAM is a decentralized organization providing you with validation and staking services, blockchain consultation, growth acceleration and investment capital for innovative Web 3.0 projects.",0xA0d7FA637Db3014f3055721a910CD32fE750bda5,02545809b63bfb293bb939a41782110580fa49b57c2166881406d60395e9ce456e,13.0347,Amsterdam,The Netherlands,52.37403,4.88969,North Holland,Europe/Amsterdam,active,121665287.55502316,121655090.67836204,0.83485,0,10,10,1762981095
78,0x1e53D179307D406c49d2E8440a72b4b8a51e1B08,Validation Cloud,https://cdn.prod.website-files.com/653acce1d72443c35298481d/653bbcd87fc49bd75a9b6a3e_Webclip.png,https://www.validationcloud.io,"Validation Cloud is a Web3 platform that delivers elite, high-performance node and staking infrastructure.",0xB363B3CDf94149EF04979E4BAc22A2B184d8D463,035fbf41201677e2b597c24d0f5db8171dc9092b5d05d7d17fd9bb20bf34698cf4,12.7708,Chicago,United States,41.85003,-87.65005,Illinois,America/Chicago,active,116415813.4971276,116432296.87724364,0.79883,0,5,5,1763118122
55,0xB225969959361E1262D81F33e97c3b90489D525c,Stardust Staking,https://starduststaking.com/stardust_logo-4.png,https://starduststaking.com,"A secure, low-fee, and trusted non-custodial provider for PoS protocols, operating validator nodes to support diverse blockchain networks with reliability and transparency",0x1B38D91cAD16174a622355b315c82670DfFa3036,0239fe92a4aae84b0a4acc155d16de66f4b1c285057982a290964634f2db992418,13.2428,Bratislava,Slovakia,48.14816,17.10674,Bratislava Region,Europe/Bratislava,active,115467058.07326664,115126616.03291653,0.79232,0,10,10,1763030843
39,0x9c4286A1B50ba55D96321C10beeA27Fb56aAfDFb,StakeCraft,https://pbs.twimg.com/profile_images/1661349922988326912/84iOjM9W_400x400.jpg,https://stakecraft.com,Trustworthy Validator,0xAdBe62e7C9E0B4902B1AAe233a774386892E36bc,02fc35933ca6d707c5ee5b811f9b56bc26cf82f01ef62f8360ec178a8382a8300d,14.5138,Stockholm,Sweden,59.32938,18.06871,Stockholm,Europe/Stockholm,active,113801753.70140055,113760158.44151182,0.7809,0,0,0,1762972992
114,0xb1CD9967e9e7F3B38cDc48894cb3e08dE6241559,nadradar,https://raw.githubusercontent.com/nodeinfra/publicinfo/refs/heads/main/nadradar.png,https://nadradar.com,"Community-driven onchain analytics for nads, powered by Nodeinfra",0xc4f16f78467F804eFC13B6890f66DFD788640231,03621a38c847c28363182b0df77a4840c6842c06bb5e23609ce01864c47430d392,11.3993,Frankfurt am Main,Germany,50.1924,8.6753,Hesse,Europe/Berlin,active,113287309.42899352,113145793.78104377,0.77737,0,10,10,1763297744
17,0xC82C6AF1317b3ABEf8D5D0B017e95C55211E129C,Cosmostation,https://raw.githubusercontent.com/cosmostation/chainlist/4deea8224437cdff96dc588d1671bd63b3cff1f3/resource/cosmostation/cosmostation_black_bg(256x256).png,https://cosmostation.io/,"Cosmostation is an institutional-grade cryptocurrency infrastructure provider, managing billions of dollars across 70 protocols. Since 2018, we have served more than 500k users globally, providing products that enable protocols to scale.",0x62cf8d73ED03A73CB032738Fd80A2De9AE96Fc2b,03dd68922e5a4b8da8f999d76c104647ae29a04289d3c1cc85db201e103998cc3e,11.9081,Frankfurt am Main,Germany,50.139,8.6725,Hesse,Europe/Berlin,active,110532479.98424527,110549074.74434833,0.75846,0,10,10,1762852069
97,0xb4Fb1444ef3d2D10b4B5B370Fe3dAA743da2ad45,Backpack,https://i.ibb.co/ynk9vQLD/backpack.png,https://backpack.exchange/,0% Commission,0xbB8EE00846BF924F34Ba4f8a86d690Ff11Eed7cA,02c67b1adef09f7211271f7dfd080b42c0a14843383b86d579e2c501a33be061fc,12.3755,Amsterdam,The Netherlands,52.37403,4.88969,North Holland,Europe/Amsterdam,active,109575121.73908028,109410202.22604719,0.75189,0,0,0,1763157252
56,0x8911a794c4129a682dDf3E421749B271DBA57795,L0vd,https://res.cloudinary.com/dxwoj0bkm/image/upload/v1759235874/logo_big_jpqej3.svg,https://l0vd.com/,"Professional validator, staking and infrastructure provider. More than 50 networks contributed. With L0ve.",0x7906a9D9A08E3E1110A96D4B31a400ed287FAfE6,02b234987a9973e08d4ed2e4e73bea572f9eacd0d662ded7033b30305cc9253675,12.7186,Sandefjord,Norway,59.13118,10.21665,Vestfold,Europe/Oslo,active,108168724.96659237,108121443.05347334,0.74224,0,0,0,1763033049
170,0x99D11550aD84c22F25803158313Ca676A0764f43,Triton one,https://triton-public-us.s3.amazonaws.com/logonew.svg,https://triton.one,"We provide the most reliable, high-performance blockchain infrastructure so that you can build with confidence.",0xDDfF579f534e0A1A1F177602bb4B5900206d322d,03ecfe1a4e3c91d02e8e2572a736fd515895a66af7ef69b1baf868ba802b0af2f0,13.0282,Pittsburgh,United States,40.44062,-79.99589,Pennsylvania,America/New_York,active,108110022.64677957,108110022.64677957,0.74184,0,10,10,1763758079
36,0x53edB59e3Af457065a678bE63618B1d63898BDb7,Kairos Research X Firstset,https://s3.amazonaws.com/keybase_processed_uploads/f386785ed2c920380e549cdb164c6805_360_360.jpg,https://kairoscrypto.substack.com/,A joint validator by Kairos Research and Firstset,0x0273fC2ad8d8c9c4c9962f94525331F3fb2bF548,02201bdea9fd814cd14f725209c18c685f88676deb29d55b3f968da7ae8aff7084,12.0837,St. Louis,United States,38.62727,-90.19789,Missouri,America/Chicago,active,108045560.48828584,107733045.51574592,0.7414,0,10,10,1762964365
129,0xc45F1F156C695547Ac9b51707a131EDE7c0edBf2,Figment,https://figment-logo.s3.ca-central-1.amazonaws.com/Figment-logo.png,https://figment.io,"Figment is the leading institutional staking provider serving more than 700 institutional clients with enterprise-grade validators on 40+ Proof of Stake protocols. We offer seamless staking integrations, audited infrastructure, robust rewards data, and more.",0x6236cC0219353e9e3E73208699b14F16C75Aa899,036ba50b2859bc05e5e1bbb708855ecd18d1054fb199c32683169432e57c9fa57f,11.138,Frankfurt am Main,Germany,50.11552,8.68417,Hesse,Europe/Berlin,active,107026211.73012899,107020611.8039548,0.7344,0,10,10,1763406420
46,0x4AC516577c0ca1E42E263CE0ff6eB526aF0DFF36,Spectrum Staking,https://spectrumstaking.net/images/Spst_white_512x512.png,https://spectrumstaking.net/,High-performance validator promoting network decentralization by operating from a unique location. Staking Rewards Verified staking provider.,0x685E077fC097079F964Ea8B6258bfbFb976e248f,027c4cf38a0e694180155195b763e5e2d8fd737533940414b97b14426f347c707b,13.1519,Bratislava,Slovakia,48.14816,17.10674,Bratislava Region,Europe/Bratislava,active,106403589.4269947,106403614.99829435,0.73013,0,0,0,1762993317
75,0x52D40132CfebD01d4456DFa5083ddd52E947B760,Laminated Labs,https://laminated-labs-assets.s3.us-east-2.amazonaws.com/public/logo.png,https://laminatedlabs.com/,Laminated Labs is a boutique software and infrastructure collective built by four friends with deep technical chops and a shared love of laminated dough.,0xf4a991EdfB879c7bfD985B073F94FBEcc27b681e,02dde74abfc17275eea7ed24eb5cc37765357237fb2e691d1c43bbd06bf8bc2c28,13.0803,Los Angeles,United States,34.05223,-118.24368,California,America/Los_Angeles,active,104804337.32441369,104646436.99814181,0.71916,0,8,8,1763096232
154,0x57397463a7E56e5b7c75E10727B09195C2C6193a,forthenads,https://raw.githubusercontent.com/vasdie/forthenads/main/forthenads-logo.png,https://forthenads.xyz,for ‚Ä¢ the ‚Ä¢ nads,0xf9fdbEd64CeD4E052CAcb3C06507C34750843175,022243e2310b7e32303e190bba153c372bc7d26cd8a31069accecc91998f2b3d65,12.4346,San Jos√©,Costa Rica,9.9262,-84.0731,San Jos√©,America/Costa_Rica,active,104711517.61197522,104706045.12965374,0.71852,0,10,10,1763565853
76,0xdC88c9C1cDc317ecaBDe937417227b10b058e491,Luganodes,https://static.lgns.xyz/logo.jpg,https://luganodes.com/,"Swiss-operated, non-custodial, institutional grade staking provider with $4Bn+ in assets, supporting 50+ PoS networks.",0xA40a5af1C1B059Be0192bFA58B28bA788b3d2435,0237534fc1ff5118f436ab78d5dbe9cb96147b6290460b7517e02895f8aa9f866c,13.1326,Mumbai,India,19.07283,72.88261,Maharashtra,Asia/Kolkata,active,102927729.37950647,102925463.54184107,0.70628,0,10,10,1763108519
152,0x606052370B215b346864724F10723dBd5e1423e8,stakefish,https://raw.githubusercontent.com/stakefish/stakefish-metadata/main/stakefish-logo.png,https://stake.fish,We are the leading staking service provider for blockchain projects. Join our community to help secure networks and earn rewards. Stake. Earn. Relax.,0x5c5251CA9019F1E4aF49C2F96eEFfE931713a2C0,035159ba3d75b8ad09436873c4b7a598b59732eb7a3dbe3a37bd73d0c4dcd49128,12.1385,Frankfurt am Main,Germany,50.11552,8.68417,Hesse,Europe/Berlin,active,102588804.0042939,102588805.70249446,0.70395,0,10,10,1763560071
159,0x502B9507a168dAae4468e74F798D504619059b50,InfStones,https://infstones.com/assets/icons/footer_logo.svg,https://infstones.com/,The Ultimate Blockchain Infrastructure Services Platform,0xAB144D3B3a5Cac0D9ee3A6031A9Fab95d2b6a4d6,031d15292ab4a5488c476b5361bbaf1df2a6897c481ac6acf49575ee48f09a7cf5,12.0873,Ashburn,United States,39.04372,-77.48749,Virginia,America/New_York,active,102436322.41470245,102283837.56822406,0.70291,0,10,10,1763593348
125,0xc7ff63D8259774BFa0C2bD4873b36a1A3aBA5d4a,Blockdaemon,https://raw.githubusercontent.com/Blockdaemon/media-kit/main/images/Blockdaemon-Source-Forge.png,https://www.blockdaemon.com/,Blockdaemon is the most battle-tested node provider for 70+ protocols allowing for an easy way to receive optimized rewards while minimizing risk and supporting the network.,0xf75E4B633bF2Af07bE72a00f4De67F554970AA44,027f794d35a37c17b7ea1ccc0bfe1e368b3bc978a3f9b8a84ab575da63513da42c,11.6517,Amsterdam,The Netherlands,52.37403,4.88969,North Holland,Europe/Amsterdam,active,102307528.38412032,102309515.60511965,0.70202,0,10,10,1763397223
168,0xcc5f12be23B35b7Bf12081036c53D28eF907Dd9F,Staking Facilities,https://cdn.prod.website-files.com/5f699e8d6a7c1154451f214a/6840576566a3373a84dbfec2_Icon_White.png,https://stakingfacilities.com/,We operate high performance and resilient infrastructure for web3. Our servers are colocated in German data centers.,0x38ca9854C80aE8b7eb922C02cc17cc4bD129b81a,03f182d82dcb41e338e77c2aa452d3f8692a83c1d79df98eb6189335451718d0b0,12.6666,Stockholm,Sweden,59.32938,18.06871,Stockholm,Europe/Stockholm,active,102233093.07796583,102080953.69535922,0.70151,0,10,10,1763739570
133,0x6D9649025F400a2A3db7B9e90EF46237cd77011e,H2O Nodes,https://framerusercontent.com/images/7Zz5Y0ZD7koVSLRvf9o9mQCcpTQ.png,https://h2o-nodes.com/,"Bare metal staking, community support.",0x462f0560e473e1545Fd4d0680C02c499aaf01711,038976036a8dd4b602e03380edb2aa60d6865313d37aaf16cda11db56698466dc1,12.3899,Frankfurt am Main,Germany,50.11552,8.68417,Hesse,Europe/Berlin,active,102225929.05637084,102073440.81296723,0.70146,0,10,10,1763416534
25,0xFAB47252753eCD46d75430Ac75FE1e3d469e5722,Twinstake,https://s3.amazonaws.com/keybase_processed_uploads/cd5ed2719db24ffa391fc092e3a1e105_360_360.jpg,https://www.twinstake.com/,"Twinstake is an institutional-grade, non-custodial staking provider designed and built in collaboration with leaders in the digital assets space",0xACbC9799d2C9641281FAEa84aDC62ed9f880F7cb,0223b4d991380e431ae1beb7c4e46fbce62e9028f0c973ccfec124a83fa5fb64a4,12.9879,Amsterdam,The Netherlands,52.37403,4.88969,North Holland,Europe/Amsterdam,active,102162512.16103105,102165808.83705425,0.70103,0,10,10,1762932971
26,0x0F91e6d4Ce757505bFC857d252A9018e3C854F5F,ContributionDAO,https://raw.githubusercontent.com/Contribution-DAO/contributiondao/main/brand-assets/cdao-logo-white.png,https://staking.contributiondao.com/,"Secure Network With Institutional Grade Solution.Leading in South East Asia, ContributionDAO seamlessly blend innovation with stringent security, offering an unrivaled staking experience through seamless Institutional-grade solutions.",0x5d0f856e55DF12Db04cF082D2b3b53F99A18329F,02e47a97be68f368e2da2b3136a429255f30263619e9e6d9dda6ac89c6ed7e4410,13.3634,Singapore,Singapore,1.28967,103.85007,Singapore,Asia/Singapore,active,102005475.84755835,102005475.84755835,0.69995,0,10,10,1762935264
157,0xfBDc96B1544701c8f28CD6e36B6312233B091649,rskl,https://raw.githubusercontent.com/legalov/goldfinch-bot-fetcher/b7153c9d633121859f0b2abaf7374622444ee9e3/rskl.svg,https://rskl.xyz/,rskl is a long term monad contributor and part of synclab.team (this node maintained w/ snoopfear from synclab.team),0xc1184ef5090B7B9bdc86FbBC4b04884D4327e94B,02407325cfbcbad000da2383d4302db0630c752c1f5ee0690f566a23731000ad59,11.3215,Saint Petersburg,Russia,59.93863,30.31413,St.-Petersburg,Europe/Moscow,active,101218140.48783691,101218140.48783691,0.69455,0,10,10,1763568818
98,0xF7f4ab61BE6D3b276dD876b867E3f509E3c7e424,auri0x,https://raw.githubusercontent.com/Averonix/a0x/refs/heads/main/wJC1SSNQ_400x400.jpg,https://auri0x.io,Validator from one Nad for all Nads,0x766b56d530185B1618Cf7b4b34b9163dE631c7Ef,02eea7939430a9984bd03093e49deee5da94267c80841d3482c8bc47b1f21fb2b2,11.6344,Benoni,South Africa,-26.1222,28.2056,Gauteng,Africa/Johannesburg,active,100325002.47223502,100325002.47223502,0.68842,0,10,10,1763158497
127,0xe6B740607Dc21a0ec3BD02872D6DB3B520D1eFEd,Cogent ‚öôÔ∏è  by SOL Strategies,https://img.solstrategies.io/cogent.jpg,https://cogentcrypto.io,High performance validator by SOL Strategies. ISO27001 & SOC2 Type I certified,0xAa7db397B53371e6465A1dB29b1eD87Ef3502EfD,020725ea4d9c56d7f0f798599c59682d1cfc6b667916946645d5887d5225c76733,11.6141,Frankfurt am Main,Germany,50.1924,8.6753,Hesse,Europe/Berlin,active,100194996.75182526,100195010.37122476,0.68753,0,10,10,1763402967
20,0x0056F4f30180EbCE3CB9929B34Bd99867e968911,Lemniscap,https://static.lemniscap.com/assets/icon.png,https://lemniscap.com/,Lemniscap is an investment firm specialising in investments in emerging cryptoassets and blockchain startups.,0xC273C37DFe9Eb5BAcfE9F768D90779620a46a918,024a7c8419784da07ce6e5e2441f9a23267e4d6610d805b6e989e3252892c1cb4c,12.0745,Frankfurt am Main,Germany,50.139,8.6725,Hesse,Europe/Berlin,active,100194864.60486913,100194864.60486913,0.68753,0,10,10,1762887834
100,0x1dC8252cB8Bc0c5945d1DE7548a5278b26dbA0D7,ASXN,https://raw.githubusercontent.com/asxnres/brand_assets/refs/heads/main/logo_16in16in.png,https://asxn.xyz/,"Boutique Digital Assets Research, Infrastructure and Validators.",0xa9e4CD51A6e51De8DFE1226b3c6b78d6fd4488F5,0315f4f2df2dbcf09bb71c348840764c0e415e4b6e9f1340fd6980bdb98a7e6dda,12.6813,Tokyo,Japan,35.6895,139.69171,Tokyo,Asia/Tokyo,active,100156188.8824,100156188.8824,0.68726,0,10,10,1763181671
73,0x17CE395E3608a70194F01466f3E61BA508132BAD,1XP,https://raw.githubusercontent.com/1XP-Inc/brand-kit/refs/heads/main/brandkit/logo/svg/1xp_logo_symbol_transparent.svg,https://1xp.com/,"1XP secures the future of economic autonomy. With top-tier infrastructure and deep governance expertise, we power networks that enable true decentralization. Stake with experience. Stake with 1XP.",0xFD407BFe9004692e66E91D0067f06829E98285e1,03ea35f760961803f8ea8cf8e009e282614370d59b8d49a750d172e1726efc0256,10.7335,Los Angeles,United States,34.05223,-118.24368,California,America/Los_Angeles,active,100152065.78392233,100152065.78392233,0.68723,0,10,10,1763078889
31,0xe1887Aa4f73CD7b099984C2797C00Ab78c95a46f,StakingCabin,https://cdn.jsdelivr.net/gh/stakingcabin/stakingcabin@main/assets/logo512.png,https://www.stakingcabin.com,"StakingCabin offer enterprise-level, highly secure infrastructure services for public blockchain protocols.",0xe1887Aa4f73CD7b099984C2797C00Ab78c95a46f,02d27a97adf64efd74b72b2f274eb1fedf54569f6ca3bc5636274190166f26988a,12.435,Warsaw,Poland,52.2284,21.0522,Mazovia,Europe/Warsaw,active,100142850.44444405,100142496.49345227,0.68717,0,10,10,1762959169
146,0x1877297A92349F5fdBaeaddb651eB629E264FCAF,RockX,https://static.rockx.com/img/logo/rockx-logo.png,https://www.rockx.com/,Asia's leading staking and RPC provider,0xFa2cE4Ad32B6120D6af7374a34cB26984B6FdC1a,03dc5bc12dcdf8416f5ab83943bcc4655cfb7d3878e557805256fc19bbcf38b5bd,12.9314,Beauharnois,Canada,45.31341,-73.8725,Quebec,America/Toronto,active,100140003.435,100140003.435,0.68715,0,10,10,1763540290
106,0xB9935DbDdFB587ADb1091D0dB92BddB6CE84AeFc,HoodRun,https://s3.amazonaws.com/keybase_processed_uploads/a1600c5650b26f850982dac401912305_360_360.jpg,https://hoodrun.io,"Professional blockchain infrastructure and validator services. Securing networks, building tools, and empowering the decentralized future.",0xeAe0732DAF1e349a8F282090d6DE69c7039AAA2c,022229f3769520b3e071cc713a3a76951042a57802b375af53d82772ff8350017f,11.656,Draper,United States,40.52467,-111.86382,Utah,America/Denver,active,100139620.59329204,100139620.59329204,0.68715,0,10,10,1763236210
94,0x50E1b7D7a1e5db0f3Bc3984D2945212E6e2eB250,TrustedPoint,https://trusted-point.s3.amazonaws.com/logo/TrustedPointGoldAndRedWithBackground.png,https://trusted-point.com,"Stake with confidence. TrustedPoint brings top-tier reliability, decentralization, and security to PoS blockchains.",0x68Bef4160bD717CF077e421070cAe80295cdEe6f,0345b7122100e0d5e66fb4913cdc5db30f9836e1821a2ad3575307c48eeae060bb,13.0405,Bruck an der Leitha,Austria,48.0242,16.7757,Lower Austria,Europe/Vienna,active,100118152.3711721,100118152.3711721,0.687,0,10,10,1763148546
144,0xf379F04e2ECda8c537c2d756F226CB34ec9eABB0,Informal Systems,https://raw.githubusercontent.com/cephalopodequipment/config/main/media/informal-systems-logo.png,https://informal.systems,Infrastructure for decentralized intelligence,0xF0FC179C522E476127f0A19A1bfB5162d2FF7832,02e98da942b2e114d1d2cee0164742f858c9e162c66d2bbfadc7b81cc61958c0f6,13.0179,New York City,United States,40.71427,-74.00597,New York,America/New_York,active,100110495.85429257,100110495.85429257,0.68695,0,5,5,1763521118
136,0x5cCC65c69f9A12158cCeA3073efC942F2aD55ee7,Asymmetric Research,https://asymmetric-research-web-assets.s3.eu-west-1.amazonaws.com/AR-Logo.png,https://asymmetric.re,High integrity validation and infrastructure services for web3 ecosystems,0x1A1e53555f9284a21DB616d8F50E658dd666b47b,038f2f6a442a5defc0bcddfbaf39abc03e8c2d0b81c30ad3e7e2756db8f414e9d9,12.0141,Newark,United States,40.73566,-74.17237,New Jersey,America/New_York,active,100108125.23206152,100108125.23206152,0.68693,0,10,10,1763423621
38,0x6ceaaA31f4985E1cEB5b423Eb374E13322936Bba,Moonlet,https://images.moonlet.cloud/moonlet.png,https://moonlet.io/,We operate nodes for next-generation blockchain networks and we are committed to support the decentralisation movement forward,0xe0091f59C5b9a3D2a6d48A78A67D4E313a95B730,02d522e95543d5d8b01bec8405ae77a5efad720c8e713d2f56a32037ec13f3c20a,12.2274,Oslo,Norway,59.91273,10.74609,Oslo,Europe/Oslo,active,100102288.86610776,100102288.86610776,0.68689,0,10,10,1762971396
54,0x0611DF6Ae23938752b3b8F6011dd8847691C5205,Chainode Tech,https://chainode.tech/img/logo.svg,https://chainode.tech/,Chainode Tech is your reliable Swiss-based partner for institutional-grade non-custodial staking and validation services,0x8c3E9326c9C10912991724B1376ecc5d7A103348,02e5f310cf3411e3e9e890b9f9373d911d863733a2d84ab9488fcef46d2e7cc4fe,11.8378,Stockholm,Sweden,59.32938,18.06871,Stockholm,Europe/Stockholm,active,100100050.2,100100050.2,0.68688,0,10,10,1763026647
99,0xE6A037217c4d75d4a1C661e17EAD9F7384868f4a,Qubelabs,https://www.qubelabs.io/images/qubelabs-logo.png,https://www.qubelabs.io,"Independent organization of validators, builders, network contributors and community builders.",0x220CAb61A8527934A22B422BB1099EC1f59ED6E3,030d398af29ca6d22c17c4004889ebed34edbd1f0abf618b54673acc11c04d050c,13.291,≈†iauliai,Lithuania,55.93333,23.31667,Siauliai,Europe/Vilnius,active,100100008.24774145,100100008.24774145,0.68688,0,10,10,1763159756
52,0xb1Bd185ED163462B847364cD0731242746546350,Cryptomind,https://cdn.cryptomind.group/logo.png,https://cryptomind.group,Thailand's Largest Web3 Ecosystem Builder,0x8086a3762c9f34264151976816E9599034796487,03324e85ed086d38702c499f85e9bef00c4ce79956009295a650e887ec18403006,11.1644,Singapore,Singapore,1.28967,103.85007,Singapore,Asia/Singapore,active,100100004.26160465,100100004.26160465,0.68688,0,10,10,1763013724
116,0x8e937f0146d4D66c4f5d3bdF4cdc9B9a764e6716,Flipside Crypto,https://raw.githubusercontent.com/fsc-platform/blockchain-logos/main/flipside_icon.png,https://flipsidecrypto.xyz,Flipside helps protocols grow intelligently--using AI agents and data science.,0x6fc77E205961E1bF41547f959367dC5A8a088Af8,03b99d4e7efd4e06b762250644a14cc50eb54679c4e9aa3c401b3dc328c128a9b5,12.4403,Beauharnois,Canada,45.31341,-73.8725,Quebec,America/Toronto,active,100100002.70164306,100100002.70164306,0.68688,0,10,10,1763329784
143,0x4ea01358F65Dd3Ff1c78b6195da4E5f9c15A27F4,QuantNode,https://raw.githubusercontent.com/QuantNodeTech/identity/refs/heads/main/quantnode256.png,https://quantnode.tech/,"Non-Custodial Staking Provider with an in-house Web3 development arm. Support over 20 mainnets, including Aptos, Avail, Axelar, dYdX, Graph Network, and Sui with assets under delegation exceeding $170M",0x2A3E8Ba775B79f1053db17F359bc9471EF57D270,025d3bf227cf151403bb5dcdc21cc06a8612cb3c1e994ef42a8ddce1acb5291087,12.9365,Pittsburgh,United States,40.44062,-79.99589,Pennsylvania,America/New_York,active,100100002.31780595,100100002.31780595,0.68688,0,10,10,1763510168
141,0xdC77d5968FC5D84045a9DE261B1350b3696E7c99,Artifact,https://raw.githubusercontent.com/artifactstaking/brand-assets/refs/heads/main/logos/ArtifactSystems_Logo.png,https://artifact-systems.io,"High-performance Web3 infrastructure company that provides enterprise-grade RPC, validation, zkProver, and managed GPU compute services",0xba8Bcb4EB9a90D5A0eAe0098496703b49f909cB2,03603d312e88271d935cab54a8c407ab06fabd44716f655e3f7bba60672eb6c174,11.2353,Dublin,Ireland,53.33306,-6.24889,Leinster,Europe/Dublin,active,100100001.89256132,100100001.89256132,0.68688,0,10,10,1763491346
138,0x7b8d46d79Ae202a884aa1EEc750F9e273078bfE6,HashKey Cloud,https://raw.githubusercontent.com/HashKeyCloud/HashKey-Cloud-Logo/main/hashkey-cloud-white.png,https://www.hashkey.cloud/,"HashKey Cloud, as a leading provider of global Web3 infrastructure and a core member of the HashKey Group, focuses on delivering professional, stable, and secure blockchain services to clients worldwide. Since 2018, we have been deeply committed to blockchain infrastructure technologies, with our staking services covering over 80 mainstream public chains and continuous exploration into Ethereum Layer2 and BTC Staking. We have upgraded our product line as Web3 transitions from foundational technology to application development. Our new product line includes Professional Staking Service Designed Specifically for ETH ETF Issuers (ETF Staking Pro). We aim to meet the diverse needs of our clients and provide top-notch services to the global market.",0xD425D4C519297Be71dE55cB863272520Db1DeC8a,0338e91fbb59ff2b060642bb4ad9458b3f0371c89ed3507df5a4751e2c1b8bdeb4,11.7669,Calais,France,50.95194,1.85635,Hauts-de-France,Europe/Paris,active,100100001.11826853,100100001.11826853,0.68688,0,10,10,1763464890
51,0xA040B3EBa79Cef0Cf380CB41e72b154456110365,The Workshop,https://theworkshop.sh/logo-dark.svg,https://theworkshop.sh,We run high-performance and transparent validators.,0xa8BB854acb565Ce294c850e90a34f97CBb169Db7,0208f84160464849cdd39a656503c845c830393a3a0add0b98810a31f351f5865f,12.1765,Frankfurt am Main,Germany,50.11552,8.68417,Hesse,Europe/Berlin,active,91196974.26850373,91052849.35420579,0.62578,0,10,10,1763008969
158,0x4B9CDF9BcFE555232884A24F8FE035472F31177D,Zellic,https://assets.zellic.io/pfp.jpg,https://zellic.io/,"The go-to blockchain security firm for top teams, specializing in Cosmos, EVM, ZK, Move (Aptos and Sui). We solve your hardest security problems. Telegram: t.me/zellic_io",0x86299ED2aCf86b04F2b5FbC4D248D2a34539E8e5,02f49ae15431ca9d6ce440bc90525893f696983a722d00a9a94a21649b6e6ecde7,14.081,Helsinki,Finland,60.16952,24.93545,Uusimaa,Europe/Helsinki,active,84545654.6985816,84545654.6985816,0.58014,0,0,0,1763576486
45,0x06661CbE91e5361C527772c8C4C67b00033fa09E,Imperator.co,https://api.imperator.co/projects/logos/imperator.png,https://imperator.co,Imperator empowers investors and token holders to effortlessly secure blockchain networks through non-custodial staking,0x0bC883d44A17BEd07492D97995cC20966de75FA1,02a379e003a9011338ddc96b58165c29d81e11a72cb692d2366dc2485fc84dbe95,11.8252,Sydney,Australia,-33.86785,151.20732,New South Wales,Australia/Sydney,active,83405418.4155346,83421901.79565063,0.57232,0,10,10,1762992143
110,0x279FC7DdDB5D7cD6114A71e10e522B58CF868700,Provalidator,https://provalidator.com/images/logo.png,https://provalidator.com,Supporting Blockchain Infrastructure,0x3673F7e6D7a26FB48D55Cd28F0b1313dd84Df7FF,02330eedcc52e3e82e5aa48d02e4a9a8344504dc94b651f83679147f82910870e8,12.5275,Singapore,Singapore,1.28967,103.85007,Singapore,Asia/Singapore,active,80429391.91652669,80445973.99827938,0.5519,0,10,10,1763252939
112,0xe323E8a3e7735cB86b550e40765E3CFb8F599f93,Proof Group,https://raw.githubusercontent.com/proofgp/static/refs/heads/main/monad/logo-red.png,https://proofgroup.xyz,"Proof Group is a web3 investment firm that has backed leading projects like Sui, Aptos, Farcaster, Ondo, and many others.  Our approach extends beyond just capital investment where we actively support ecosystems on the infrastructure side",0x40052A2369aD18991a6AE805f1Bc30339FE9dB44,025a1169081b037c40b2510f7e68c05f85176a5d700c05da5a1191c0206b24d81c,11.9606,Calais,France,50.95194,1.85635,Hauts-de-France,Europe/Paris,active,80365273.30029799,80381756.68041402,0.55146,0,4,4,1763276352
71,0x81202ee2D25324573710a7724C842AA8789Bb945,Parsec X Firstset,https://www.firstset.xyz/parsec.png,https://x.com/parsec_finance,Community validator for Monad Mainnet by Parsec and Firstset,0x2a0967F3509267ed24986B3Ab4de187846b4d1F9,03c9c18a64fbc3908b4a49b74dea1cd2c0363943c88fa70a32ab12facd80db4f79,12.0694,Singapore,Singapore,1.28967,103.85007,Singapore,Asia/Singapore,active,78190462.67962757,78121155.71468596,0.53653,0,10,10,1763068007
62,0xfF3dd4bc558D36a559bf4b80a6fE8B4f343eAD39,Forest Staking,https://raw.githubusercontent.com/ForestStaking/Forest_Staking_Logo/refs/heads/main/Forest_Staking_Logo_main.jpg,https://foreststaking.com,"Forest Staking is a team of military and civilian trained cybersecurity engineers, Linux admins and blockchain enthusiasts",0x1Fc572111f29Adbf548EaB959d443e02B5A4dd5B,021f68fac315a1b9e7258af85385b780e7a594819d7532015182a74b80442e71e6,11.0874,N√ºrnberg,Germany,49.45421,11.07752,Bavaria,Europe/Berlin,active,78076389.98776993,78011545.95034179,0.53575,0,10,10,1763050758
88,0x4f42463614382C714A1EFAb66A3569a04Eef8825,Grassets,https://grassets.tech/wp-content/uploads/2021/09/Logo-final-social-media.svg,https://grassets.tech,Deliver the reliable and high performance infrastructure for the decentralised web and staking services,0xFDB0C67FbF0cF63e298057f3937F9779891D5524,02db843f6701ef00022026b08e0276d25791dcd11ea54e69538cac1550886f685a,12.8689,Strasbourg,France,48.58392,7.74553,Grand Est,Europe/Paris,active,77192812.91423178,77133230.22721899,0.52969,0,10,10,1763135783
61,0x99308f722917dcC9aD3b66F12AC6eef3f51fF5DA,Synergy Nodes,https://raw.githubusercontent.com/SynergyNodes/SynergyNodes_Logo/refs/heads/main/Synergy_Nodes_Logo.png,https://www.synergynodes.com,"We are operating a secure, stable Validator Node for many mainnet chains. We provide infrastructure support - public RPC, LCD endpoints, daily snapshots, operate multiple IBC Relayers, Blockchain Explorers, Youtube tutorials, etc.",0xacD134cF5e0A778Bfa773887997093b0C6dF5414,036aac39879e73db1591591b578705198b6053af692a26d1fbeefe44a2489694ab,12.6696,Frankfurt am Main,Germany,50.11552,8.68417,Hesse,Europe/Berlin,active,77006831.9177815,76942249.83363023,0.52841,0,10,10,1763050669
8,0x4a27964A705C3739d742831B1577900735F9547f,DSRV,https://s3.amazonaws.com/keybase_processed_uploads/8349f3ab6852a8419c1987ad9096c605_360_360.jpg,https://dsrv.com,"DSRV is an integrated blockchain solutions company with the mission of enriching the crypto ecosystem via stronger connectivity. We strive to be your gateway to a suite of all-comprehensive blockchain services. Everything distributed, served complete.",0xDe098C143118577d66f5985773C53cf5907B57a0,020bdb4060390ca9dab26ee1d04e005639345611f1df29f47d2a7c26f09799d865,12.7569,Singapore,Singapore,1.28967,103.85007,Singapore,Asia/Singapore,active,76480007.42804678,76480007.42804678,0.5248,0,10,10,1762667264
105,0xF007253999D732BdeE760e5b5f2472cdEe6fB74B,StakeSquid,https://stakesquid.com/assets/stakesquid-logo.png,https://stakesquid.com,"We provide enterprise-grade, secure, high availability non-custodial staking services and developer tools",0x3f74870F80fF7449fE4C6ff257da5FA72734c970,0385bdd56e8ad0332fbecdfa2a3b22b64532faaff3a7929edafd3f31b664f26eda,12.5225,S√£o Paulo,Brazil,-23.5475,-46.63611,S√£o Paulo,America/Sao_Paulo,active,75928184.70397371,75928184.70397371,0.52101,0,10,10,1763220890
139,0xcefB90485646e5fb8A5c7c0D49ab989eA43a5BD1,blockscape,https://blockscape.network/logo/logo-color.png,https://blockscape.network,"Founded in Switzerland, Blockscape has been actively engaged in staking technology since 2018. Today, we‚Äôre expanding our focus to support institutions with secure and seamless access to digital assets.",0x61df236d496F56816c85f5D8a20690d6c0BB2a09,0214d6f23ff55f848e8b86513569e09e0fae58fcf82fc7b22a9026e8d95e929274,11.5444,Sydney,Australia,-33.86785,151.20732,New South Wales,Australia/Sydney,active,75907567.29769164,75907567.29769164,0.52087,0,5,5,1763469143
160,0x0cE9FF8D343273E127BF55Da836AcEeC45A4Bc1b,GalaxyDigital,https://dmpf98hz4x3ps.cloudfront.net/galaxy.png,https://www.galaxy.com/,"Galaxy is a digital asset and blockchain leader helping institutions, startups, and qualified individuals shape a changing economy. We provide platform solutions custom-made for a digitally native ecosystem.",0x7578C4347280e3E3a6690c9F0d0af12AD96B6fE3,0202169e1025e8aa4d5979e759dd35e6e4baaa04137289d0651e45d9218b7a9229,12.2683,Lille,France,50.633,3.0586,Hauts-de-France,Europe/Paris,active,75702195.53176205,75702195.53176205,0.51946,0,5,5,1763627139
148,0x9b3f42a97a806dE1F5C25A62D96f5ba3DA918579,Finoa Consensus Services,https://raw.githubusercontent.com/Finoa-Consensus-Services/eigenlayer/main/logo.png,https://finoa-fcs.io/products-delegated-staking/,Stake and grow your assets using Finoa Consensus Services's institutional-grade infrastructure.,0x318Ee878178900484c585F7A2d7CE7ac1544fC08,03c5dad0bb02231acec5c148d92a1e547099533b68d8b9be9b53cf24e461c83f45,12.075,Calais,France,50.95194,1.85635,Hauts-de-France,Europe/Paris,active,74628723.4352272,74628723.4352272,0.51209,0,10,10,1763544282
151,0x787323264c3DFBb6AC9c7BD3a1e8E40DB8E5691e,Simply Staking,https://simplystaking.com/wp-content/uploads/2025/07/Asset-1.webp,https://www.simplystaking.com,"Simply Staking is a trusted blockchain infrastructure provider offering secure staking services across multiple networks. With $1B+ TVL, we empower delegators with uptime reliability, seamless tools, and a commitment to innovation in the blockchain ecosystem.",0x56F6E9419f4c76a29305B6029664F96897A89dcE,031c0cdc0789b9eb9b9c044610d2417e12eaca6770226c08d7042853fdf0ec7f53,12.3202,San Pawl il-Baƒßar,Malta,35.95064,14.41561,Saint Paul‚Äôs Bay,Europe/Malta,active,74583064.63637696,74587136.1204727,0.51178,0,10,10,1763558321
48,0x5F392b2BE12E205C107Aff3751719BE62d30d3a2,Nodes.Guru,https://nodes.guru/kit/mascot-light.svg,https://nodes.guru,"Guru of non-custodial staking. Professional node running, low fees, best uptime and 24/7 customer support.",0x886e66B18e9D25e9b01fC0b521bD041AaaBe66e0,0246a4697342f9701b39edf6faf7fb8ea31c45aed660a6520e2fc46843b76aed5b,13.3668,Dallas,United States,32.78306,-96.80667,Texas,America/Chicago,active,74582747.06421185,75557950.54274414,0.51178,0,10,10,1762994553
162,0xD3A6d7953Ae23E0C4E110a6A5121d78665a9B4c8,Stake Shark,https://raw.githubusercontent.com/StakeSharkIo/logo/refs/heads/main/stakeshark%20logo%20512x512.png,https://stakeshark.io,"Industry Leader. Trusted by 200,000 delegators since 2019. Over $200 million in staked assets across 30+ networks.",0x0676E23fc399d56D3e0E0a53e6C75676d8156AAa,022d5c0916186d979eec4e9fd8fb39c333adc90f2a07d32be9c4ab8b91b9dc1051,14.5185,Beauharnois,Canada,45.31341,-73.8725,Quebec,America/Toronto,active,74124012.63821717,74131245.86960232,0.50863,0,0,0,1763653466
28,0x07998b82235328D6243A7a280b662dDdaac6d0a2,NodeStake,https://raw.githubusercontent.com/nodestake/brand-kit/refs/heads/main/logo.png,https://nodestake.org,"NodeStake is a professional validator and infrastructure provider, delivering secure, high-performance blockchain services for next-generation decentralized networks",0x36Ca1C26AF96BCB6F431fe5dB6356415664cb6Ca,02193d51df38cdad89dbf9df9ed0b4387da426fd25bdb747140fcae7fd5b2733b3,12.6621,Warsaw,Poland,52.22977,21.01178,Mazovia,Europe/Warsaw,active,73409905.11039266,73391008.46956559,0.50373,0,10,10,1762957589
109,0x1622a8c1359CaCf9E8503B687df2f5b24177F9b4,zim.one,https://s.getgems.io/nft/s/6762/67621bfc7c2e492fa0cd9697/nft/1245763.jpg,https://zim.one/,Engaged in blockchain space since 2015. Professional validator and infrastructure provider.,0xc185195FDD1BF2895E6f0614E7040803334c0A21,03d5935169535884451d6ad765d501b88c9ddc53f38f47ce714ddf45f90a98de8b,12.6518,Helsinki,Finland,60.16952,24.93545,Uusimaa,Europe/Helsinki,active,72585065.91344893,72585065.91344893,0.49807,0,9,9,1763249390
30,0x07bA13b9068fd7cD2d6e2b6494533aeAA8Fb6F52,Spider Node üï∑Ô∏è,https://raw.githubusercontent.com/Coha05/libary/refs/heads/main/spider-node.png,https://spidernode.net/,"Reliable validator by Coha05, part of Vietnads - supporting decentralization and growth across Monad and beyond.",0x3886E9e9409a68190693E1614d881e32a47474b5,03603391275fb842731618493c3906057574a54dd66d9df6567d63c906a7c6d4a5,12.8143,Singapore,Singapore,1.28967,103.85007,Singapore,Asia/Singapore,active,72538208.44173309,72537843.89751856,0.49775,0,10,10,1762958339
82,0x67a3aEe77920Fa694B6FD7c7cf875493762A99f9,Huginn,https://huginn.tech/assets/logos/huginn-logo.png,https://huginn.tech,"Huginn is a trusted infrastructure provider and active validator across multiple chains. We focus on reliability, deep ecosystem research, and long-term alignment with the communities we support.",0xB49Fbb4837c31296C32d0798833c935C1CAc371e,03010586775441c1ec493cbf0a5c57d235a4e3796f7699e5a9855164529e80dbcf,12.2135,Draper,United States,40.52467,-111.86382,Utah,America/Denver,active,72329837.34123784,72310332.74407437,0.49632,0,10,10,1763125821
29,0x2c2689Cac7E65b186f29e87DdC4C3ec6EDDc6590,Node.Monster,https://cdn.prod.website-files.com/675ea9b16a5b05d66c7e98ea/67b636ea0f3e9d5c778b16dd_logo.png,https://node.monster/,Securing networks with trusted nodes,0x7790E63B28fd3667d8B87dF71DA0E516E4E1D7C1,03c264a08ba99ea0dee392a9daceb519d5bf7a293610398a5904b93abb63b6f076,13.2627,Frankfurt am Main,Germany,50.11552,8.68417,Hesse,Europe/Berlin,active,72225329.61026347,72228626.28628667,0.4956,0,10,10,1762958323
58,0x4a9eFBe91cfbebb5313e769153FE77C721F39D24,DELIGHT,https://storage.delightlabs.io/images/DELIGHTLABS-Symbol-10px.png,https://delightlabs.io/,Technology-driven team contributing to a decentralized ecosystem,0x820C8f8eDC0b83357aCc0FbF8d3AA654455e2A14,0285dc9186579db62fa1a7b9814488a82c9c4d14a3fe5673cef656c5a8cdeab9ef,14.3026,Los Angeles,United States,34.05223,-118.24368,California,America/Los_Angeles,active,71659851.06804517,71659853.95290686,0.49172,0,0,0,1763048899
121,0x178ecB8301E68F5754628F1be0cb34D0Ad1d056a,Talentum Labs,https://talentum.id/images/avatar-orange.png,https://talentum.id,"Web3 platform for connecting talents and startups, helping them achieve high performance by providing tools for efficient workflow",0x55134FbCa4e35ac367Cb6A96FE6Ec41D5DE7fFD0,027682da9bbbdf06ed75b8c12f1192209da4c2c4cc6835dd71a41796568d8a9c01,11.6488,Bexley,United Kingdom,51.44162,0.14866,England,Europe/London,active,71572237.7197588,71571901.94486734,0.49112,0,10,10,1763374252
166,0x07290809a5A5D4D514B69CF507BAa2e703aE3aA0,Goldsky,https://goldsky.com/images/favicon.svg,https://goldsky.com/,Goldsky Mainnet Validator,0x430cAE2d22613a1a96B4220d11f8D9BaC7605107,02e64ecc7ae9b79eddf987aea68b5439f34a6fc4d1d04c665671666a7ee2d4eedc,14.3109,Los Angeles,United States,34.05223,-118.24368,California,America/Los_Angeles,active,71342538.28221565,71342538.28221565,0.48955,0,0,0,1763736540
153,0x3704F062aB210e48E800bF95d51B3DE548D6E3E5,xLabs,https://xlabs.xyz/xlabs.png,https://xlabs.xyz,Core infrastructure for the internet of value,0xFeEB3b1276FBFb32be9a27a63A5f6372A91d3d33,03073b13f1423e9112b7627edb8545cc1466ce6e3f7b025c24b089b2b2a58fa54f,14.3186,Buenos Aires,Argentina,-34.61315,-58.37723,Buenos Aires F.D.,America/Argentina/Buenos_Aires,active,71304143.00813484,71304153.48458299,0.48928,0,0,0,1763565343
37,0xFB762fbDe3Fa6665A1278aDD162778B8680A55B3,LakeStake,https://i.postimg.cc/fTHTBc00/LAKE-4.png,https://www.lakestake.io/,Stake at the lake!,0x1D2C7aB8BCfCC62A8baC73500240d13297197A49,021e2253750bc794a45c4e05ffb79d8a111bba50ab117b6de51d0e9bf021381480,11.1046,Stockholm,Sweden,59.32938,18.06871,Stockholm,Europe/Stockholm,active,71245806.38408402,71245806.38408402,0.48888,0,10,10,1762964679
35,0x410952248f70A258F50b52E0188D09Fd16789a12,DeSpread,https://raw.githubusercontent.com/DeSpread/despread-assets/main/logo.png,https://despread.io/,"We provide refined perspective for Web3 pioneers. Founded in 2019, DeSpread is a consulting firm specializing in Web3 & blockchain. It actively contributes to Web3‚Äôs mass adoption by supporting the growth of various startups and protocols.",0x1eAfE0C26A8f40b8b7260b73D8827Cf4bD8A7448,03f5923064626d42824063eb428ac600cb2885ff2c21b5d578ad50ca2318a6c4bb,12.5972,Warsaw,Poland,52.2284,21.0522,Mazovia,Europe/Warsaw,active,70971777.59884055,70973580.96101992,0.487,0,10,10,1762961760
66,0x53D3AC8BC0f5A264972a87367aeB432945862332,Stakely,https://img.stakely.io/logos/stakely.png,https://stakely.io,"Stakely is a leading non-custodial staking provider, providing professional blockchain infrastructure and managing over $1B TVL across 40+ blockchains and protocols. Since 2020, we provide professional investors with secure, simple staking solutions.",0xFE50f732e97f79572dC490ef8e9f3819ec1A9293,022dac9443d2004a876ff242368742aa38aae5a6b9fc54879293d40c21ca78e163,12.5275,Stockholm,Sweden,59.32938,18.06871,Stockholm,Europe/Stockholm,active,70800419.07422984,70797538.51809645,0.48583,0,10,10,1763054996
59,0xbbf2C1A7AfDe2C04E7A52E31C485000a655778f0,vldtr.xyz,https://avatars.githubusercontent.com/u/226050113,bbs.vldtr.xyz,Solo validator! Supporting Monad block by block,0xF238389697d1850Df269eA2fFE5d85029ffA19a3,03cbbe1cfdd4f92712e9921c2bfecdf5ab1041436d799e5d96c4a407326cb2cf0f,12.1805,Stockholm,Sweden,59.32938,18.06871,Stockholm,Europe/Stockholm,active,70487117.55512838,70485199.98791967,0.48368,0,10,10,1763050018
69,0xe639e21255C13bd40A10eE4d3aEF7C6F64FE0395,0xHub,https://raw.githubusercontent.com/Mutu-s/metadata/main/0xhub.png,https://www.0xhub.xyz/,Innovative and scalable solutions for blockchain projects.,0x715bA2f6E9ae43af728E94419554Bc62EF522eA1,03bb8bce18329820f0e5de815ebebb88a71353f23dfd96a4aa64a1c0cf49ff72f5,12.234,Warsaw,Poland,52.22977,21.01178,Mazovia,Europe/Warsaw,active,70469022.87139376,70466303.26950598,0.48355,0,10,10,1763065070
111,0xc869F4CE49e0c56E04321C646DdDa65eA1C30778,lux8net,https://lux8.net/img/logo/star.svg,https://lux8.net/,High-performance validators,0x9A8a980FBF7e85652b65ce52bfF63fB6cFdacaA5,02233ab6a178c053ba0c80d37a500a83c5d6e67abd6e2a770f1342463784194b23,11.482,Tokyo,Japan,35.6895,139.69171,Kanagawa,Asia/Tokyo,active,70449055.31895407,70446290.06145735,0.48341,0,10,10,1763263971
117,0x84956B2ff399924DEF3e04334c6F90B1823b7BF4,Coinage x DAIC,https://raw.githubusercontent.com/DAICers/coinage_x_daic/refs/heads/main/files/images/DAIC-CNG-Ape_360_moniker.png,https://daic.capital/,The official validator node from Coinage (Coinage.Media) and DAIC (https://daic.capital/telegram),0x2DD14C241a8604b03A4a388bd3CB6d375Eb195f9,02e76d2234a9cd9f25bac7ef946fc71a3102e95e5c4498c559d0127b06a5c63eff,11.4345,Vienna,Austria,48.20849,16.37208,Vienna,Europe/Vienna,active,70431851.59803966,70429316.61720772,0.4833,0,10,10,1763332242
115,0x54b82e9cD65c0a5921Aefbea81167EC9a2166750,r93AX Nodes,https://s3.amazonaws.com/keybase_processed_uploads/2acc5b6081ed9b0c0a5ec1d5e52cd005_360_360.jpg,https://x.com/R93ax,Bare metal validator and infra provider,0x1661d1e538C43cDAE31D878a69E6B2AeC4fbb4e9,033d8d472b5123a5883c9d0786d8a2193bc1df256c6415854ce361f9d319d4e232,13.9926,London,United Kingdom,51.50853,-0.12574,England,Europe/London,active,70430163.85459805,70430163.85459805,0.48328,0,0,0,1763328440
53,0x37236463377E508E7f6c96F9E89b8a13ED41E6c9,d10s,https://drive.google.com/u/0/drive-viewer/AKGpiha5NHYj3lffLhHgWFXtrP6vPCiVZYEeN3-njhy5p4c5nqNh_kpqGRy21myLngwkUgf122qdx2ALuk_lO6G5631ZNpEWFXOY9ko=s1600-rw-v1,https://d10s.fi/,"d10s operates bare-metal validators committed to reliability, uptime, and stability",0x7f2463eB15BE181574B85AB4405aa40491d40aE2,0256e36b068c9373deb9f8664400abc1337b0d94b1f5bfed21a0e70f99b93ae18c,12.3073,Amsterdam,The Netherlands,52.37403,4.88969,North Holland,Europe/Amsterdam,active,70337532.03907144,70337532.03907144,0.48265,0,10,10,1763023157
67,0x9E7316C70Cd48A89cDE17fb724c508F1d51E145b,Cassini,https://raw.githubusercontent.com/ccassini/tesnet-2/main/cassini-logo.png,https://x.com/Cassini0x,Monad community validator for mainnet.,0x25005a80e6550Deff789082AD11BCD32Ae454d53,0268d8a8ae2a40524ff912b31adabe3fb5d8ef00660ca55fd1839063812364aa38,12.7116,New York City,United States,40.71427,-74.00597,New York,America/New_York,active,70333206.869676,70333206.869676,0.48262,0,10,10,1763055495
68,0x31ACD697dA49dd980F448Bcc5DE4035B3787d999,cp0x_by_STAKRspace,https://raw.githubusercontent.com/cp0x/Eigenlayer-Operator/main/cp0x-logo-stakr.png,https://cp0x.com/,https://stakr.space,0x04347136b60542F799546Bac8eF8b5c9008d706B,02906dff6c77bfbfa7fc7cb84fbe5fe0e23bb80c5289de1d2ab0c85e24473c4bbb,15.1779,Helsinki,Finland,60.16952,24.93545,Uusimaa,Europe/Helsinki,active,70287766.15665497,70287766.15665497,0.48231,0,3,3,1763057080
79,0xC7e5C44f10ec5f95D25527be0b383F50158F99A8,Stakecito,https://raw.githubusercontent.com/stakecito/resources/34e618b84bb4c0225d216cfd837087167d839c17/logo_stakecito.jpeg,https://stakecito.com/,Securing & Decentralizing PoS Networks.,0xa1209E656424AC42c7495ab2f0e9a4bC6384Cb51,03bc65605210c522234e6de6db9b16a8fd59fe176c0d739d6b25832f33264fc2b5,11.4168,Langenzersdorf,Austria,48.30432,16.36143,Lower Austria,Europe/Vienna,active,70230154.10709338,70230154.10709338,0.48191,0,10,10,1763119445
93,0xc9cfFD296884fFaaD0aBbfC7301D36Ac1F490d32,Quicknode,https://www.quicknode.com/staked-validator-logo.png,https://quicknode.com,"üöÄ Accelerating Web3 with lightning-fast Monad infrastructure ‚ö°Ô∏è üîê SOC 1 Type 2, SOC 2 Type 2, ISO 27001 Certified.",0x84302f63749F8519C60adf1eEFCE77a11BC9467C,0280c264db68a25e1f0a9a74b113cff15d3f6df3e9a622c05f923e1d04733845ca,14.1457,New York City,United States,40.71427,-74.00597,New York,America/New_York,active,70225001.81865707,70225001.81865707,0.48188,0,10,10,1763144627
81,0x844717A81c7944Ae75a7411E68D8bD4259D3e2C0,Silk Nodes,https://raw.githubusercontent.com/Silk-Nodes/brand-assests/refs/heads/main/icon/Silk_Nodes180.jpg,https://silknodes.io/,Providers of enterprise grade blockchain infrastructure services.,0x66f7Cd7aFB3392168956F101392dF0aE3cCB032f,03e773631152aa98da046d945f0d410d85369e19764a7f9de77fcb896defe527df,13.086,Salt Lake City,United States,40.76078,-111.89105,Utah,America/Denver,active,70218547.57660657,70218547.57660657,0.48183,0,10,10,1763123855
63,0xc6d3CdCa0507Da7C5b97E2D4DE0b95FE599198FC,coinblitz.pro,https://avatars.githubusercontent.com/u/136187247,https://coinblitz.pro,coinblitz.pro,0x06250D8DBC9a47aecd34752A16c2a56098Cb0469,035c51a98dbf03fe411cb723aa89d2e5ec764ece056cf08bc76de2bea2107e6d4d,12.7352,Helsinki,Finland,60.16952,24.93545,Uusimaa,Europe/Helsinki,active,70202976.86164567,70202976.86164567,0.48173,0,10,10,1763053540
21,0x2294B8AaBAaCaB251107dEAC016A490B557EaB39,Redundex,https://storage.googleapis.com/redundex.com/logo/compact-logo.png,https://www.redundex.com,We empower Web3 projects to build and scale innovative decentralized solutions.,0x57A7c50E6C27B6252ff484785A6d75E294c8A0a5,03de3b5f5aa8acc38a1e165cba0c4b80bc2de83bde002e566df2f9d237e4c10a53,11.0703,Chicago,United States,41.85003,-87.65005,Illinois,America/Chicago,active,70185081.71893664,70185358.11875777,0.4816,0,10,10,1762904578
50,0x44c6241CEA95eB54cEbdaE425185Ed924E45beA2,[NODERS],https://raw.githubusercontent.com/noders-team/brand-kit/refs/heads/main/logo/noders_logo_256.png,https://noders.team,Noders LLC is a premier provider of institutional-grade Validator Services and cutting-edge Web3 Development.,0xCF1452fC323b73D5A1e014cf1f8d673F04B74EBF,0277b331913cb294cc8a43cd56dc31ab0ac77b07e17838ae0ebf970de506bf218d,12.8908,Dallas,United States,32.78306,-96.80667,Texas,America/Chicago,active,70180728.1,70180728.1,0.48157,0,10,10,1763000076
15,0xecb18662D72dB84169e815aC92bC1b3bD1A08c91,Staker Space,https://raw.githubusercontent.com/StakerSpace/assets/main/logo.png,https://staker.space,"Where your stake stays yours, we just keep it running",0x7d2e38c4c514e2d55f339cfA692067109776bf87,0322207f068d7a907084ed290182bba46ac716e3ba5cffb4a3c8eebaa25f9c6b9b,11.1724,Rotterdam,The Netherlands,51.9225,4.47917,Flevoland,Europe/Amsterdam,active,70178365.5160157,70178377.83236621,0.48156,0,10,10,1762818689
22,0x9f39Bb9bc8fA2B350818D849c4F13c1F5407925c,Enigma,https://raw.githubusercontent.com/Enigma-Validator/enigma-assets/refs/heads/main/enigma-logo.png,https://enigma-validator.com/,Highly secure professional validator across 50+ chains - offering a full refund for any downtime slashing - Reach out to us at contact@enigma-validator.com,0x9361ab84512F78e3Bd64bc222F0888fc8ED63701,038d8e900b0ce8a7f30550a643726bfc09243ea08d4f1094bffd1e948948558fed,11.8302,Singapore,Singapore,1.28967,103.85007,Singapore,Asia/Singapore,active,70175366.05366656,70175366.05366656,0.48154,0,10,10,1762910734
126,0x147552F6BBD11D68D47C3A12905eb13EdaC22a98,amonstaker,https://raw.githubusercontent.com/SuperX-X/images/refs/heads/main/pfp.png,https://superx1.odoo.com/,a nad and an independent Monad validator,0x2C9B153A9C9b58C74d513D34bE796B8aFD0A05e5,03686f27312fd62be00bd9f42eecffbfecfa99415514927a1f4e859060e1a97c97,11.9827,Stockholm,Sweden,59.32938,18.06871,Stockholm,Europe/Stockholm,active,70170115,70170115,0.4815,0,10,10,1763397960
83,0xcF99B281708A08B53213d0c22C2874871AD686Fc,CertHum,"https://static.wixstatic.com/media/78af9d_6df3502cf68c40dcb459d15edb76de48~mv2.png/v1/fill/w_138,h_138,al_c,q_85,usm_0.66_1.00_0.01,enc_avif,quality_auto/CertHum%20Logo3.png",https://www.certhum.com,CertHum is the home of Certified Human digital media and premier blockchain infrastructure.,0xF20C7A849d8E8EE7d261dA19DA8cb0b000269c3a,0380c38d0ee6d65db62fb0b4f3f0f7848350bc2a8f0b8dc843cca9d5ac02329f37,11.8821,Ashburn,United States,39.04372,-77.48749,Virginia,America/New_York,active,70166850,70166850,0.48148,0,10,10,1763127235
87,0x2F5003A028c61377f385c1a033Cc31284ef31C56,Syncnode,https://raw.githubusercontent.com/syncnode-srl/syncnode/refs/heads/master/logo2.jpeg,https://t.me/syncnodeValidator,Syncnode Professional Staking Services - Infrastructure for the next generation of trust,0x08FDB31DC912F8dc43a997BFcEBd91A05D2388aA,0297b0bbdc8458d9fa548439ac85e88e30d4b3880ebad9e9f5d2fe917b2334e27b,12.9949,Soest,The Netherlands,52.17333,5.29167,Utrecht,Europe/Amsterdam,active,70165000,70165000,0.48146,0,10,10,1763135723
150,0xDD55493c972d4c224D8061F53ea2d04C301d60eF,Node3Tech,https://node3tech.io/wp-content/uploads/2025/06/logo2-2048x2048.png,https://www.node3tech.io,"Node3Tech is a leading company specializing in blockchain infrastructure and decentralized validator technology, dedicated to providing high-performance and secure node operation and staking services. We actively participate in multiple mainstream network testnets and mainnet deployments, continuously driving the development and adoption of blockchain technology.",0xa458D2e7c08AA030226B7Ea6A9576F0a3F4c94Ac,03a39c6de59766b5b372a96285b961045c69e1b36c893e4f59675bcb04517940e7,11.0233,Falkenstein,Germany,50.47788,12.37129,Saxony,Europe/Berlin,active,70162244.86315843,70162244.86315843,0.48145,0,10,10,1763555002
86,0x49220bd533A153221f1F1aA9b08EDBAe8FD61b43,TTT VN,https://insights.tienthuattoan.com/assets/logo/TTT-1024.png,https://tienthuattoan.com,"Vietnam's largest community validator, offering validation services, educational resources, and market penetration in the Vietnamese crypto market.",0xc833404089416EAb548dF4ef2a998599c57CD83e,02d886d3d758bf6edd6905a96e94aa6df38617459926baccbc218860e8440f081e,11.529,Frankfurt am Main,Germany,50.11552,8.68417,Hesse,Europe/Berlin,active,70161908.2719899,70163070.20631307,0.48144,0,10,10,1763129650
96,0x3FeaAB038e6f11680cc2DbA49cbc7427d1EA765F,NodesHub,https://files.nodeshub.online/brand/n-color.png,https://NodesHub.online,"Empowering Decentralization, Ensuring Security",0x73adb8429a3afcc9a8965319ff36B128d642895d,03b64d022f68f530fdfd75eb57014aff5a4d8416dfa8f41a39b40f68f2c5d4bcbb,9.8106,Jaipur,India,26.91962,75.78781,Rajasthan,Asia/Kolkata,active,70155790.91469397,70155790.91469397,0.4814,0,10,10,1763152300
156,0xBDC76c81D016A17fa853b7AD7e26548aD4DE830F,Pharus,https://www.thepharus.com/pharus-logo.png,https://www.thepharus.com/,Pharus is community-driven crypto research & education platform,0xc700Ce9093A5ED855dC98035da9c93abb715CA51,02d68fb73716b1095257a667b15df631b604aa0b342a32004272119d04d0909463,12.2891,Stockholm,Sweden,59.32938,18.06871,Stockholm,Europe/Stockholm,active,70152889.36648747,70152889.36648747,0.48138,0,10,10,1763568748
89,0x1d15B45adAd5145fFC99084F206426C948c31d6A,RHINO ü¶è,https://snapshots.rhinostake.com/rhinoshare/RhinoLogoFilled.Dark.png,https://rhinostake.com,"Blockchain infrastructure at institutional standards. Multi-region reliability, enterprise SLAs, and slash protection insurance. We build trust into every block.",0xDA80050Ed4F50033949608208f79EE43Ab91dF55,031bbff1571123fde04e7cd4adee4ca3b6695fe5c0533e2e3aac4933dc6788d510,12.4422,Salt Lake City,United States,40.76078,-111.89105,Utah,America/Denver,active,70145120.19073935,70145120.19073935,0.48133,0,10,10,1763135824
41,0x3ffA3Eb3D95457bec3a416b14AC57B33dE33883E,ITRocket,https://server-4.itrocket.net/logo/itrocket_logo.png,https://itrocket.net/,"Enterprise-level infrastructure and state-of-art tools for node operators, developers and analysts.",0x998ff51F1c7ED28b0bfaEd343f3Fe9B563291c1C,0212c604e7819769ac911dc34770760f6aba45934d1af6249c6827e79f0edb27a1,12.9512,Warsaw,Poland,52.22977,21.01178,Mazovia,Europe/Warsaw,active,70127512.6001,70127512.6001,0.48121,0,10,10,1762979747
145,0xD9127cae9313208454341A3560e0376b424810C8,FP Validated,https://raw.githubusercontent.com/fpvalidator/felix/main/FPValidated.png,https://4pillars.io/en/fp-validated,"FP Validated goes beyond infrastructure. We embed into ecosystems with conviction ‚Äî shaping narratives, strengthening communities, and amplifying projects as much as producing blocks.",0x32EE0A75D937fFf62f6BD8e9f00D1Ee730001f25,03b8aea4bde62774f18b0d80de4ce03bcfa55de6e4fc310b0803a0bb7eaffbb562,12.3455,Calais,France,50.95194,1.85635,Hauts-de-France,Europe/Paris,active,70120001.50923318,70120001.50923318,0.48116,0,10,10,1763531318
135,0x6DFEa4f78d11D832935657af9645de5610c1AeF9,Tessellated,https://tessellated-misc.s3.us-west-2.amazonaws.com/tessellated-logo.png,https://tessellated.io,Tessellated builds and validates on proof of stake networks,0x802ba23A7AA7C255895Cd0BCf03172F428824Fc4,03e74218cf2b37548ca807c40d075c8a6568ed7aaa8b463248639e7c98cdab02c0,12.3472,Miami,United States,25.77427,-80.19366,Florida,America/New_York,active,70110324.46737604,70110324.46737604,0.48109,0,10,10,1763423394
142,0xCa408880dEeAfd37C064F1e206AB9F663940A8b5,Lavender.Five Nodes üêù,https://snapshots.lavenderfive.com/dropshare/LavenderFive_IconLarge.png,https://www.lavenderfive.com,"Fortifying crypto networks with Horcrux security, slash insurance, and open source contributions. Connect with us at https://linktr.ee/lavenderfive. SOC 2 Type 2 Certification in progress.",0xB4084F25DfCb2c1bf6636b420b59eda807953769,0278037b799aa88034aaf4bd205756e08d947761976ae4a82c04a6095739440af8,11.4873,Helsinki,Finland,60.16952,24.93545,Uusimaa,Europe/Helsinki,active,70107618.93052357,70107618.93052357,0.48107,0,10,10,1763492026
134,0x5B88e466A32bB54610A7bAd14a262401fF7e42cC,Republic,https://pbs.twimg.com/profile_images/1797998012238548992/3hF576XA_400x400.jpg,https://www.republic.com,Republic,0x10b2BD817EC95a8A131a4788f7F973f4Ea57f99B,02fb912814e22af73297934c3cf8574b1e72d0f3b6e94b170e7f9a9da567bfbb4e,11.8052,Sydney,Australia,-33.86785,151.20732,New South Wales,Australia/Sydney,active,70106802.62544,70106802.62544,0.48107,0,5,5,1763421090
163,0x4CDd21dcBb1f5b02e8A1a82AE8aA2F75eec98069,Chainflow,https://raw.githubusercontent.com/Chainflow/chainflow-metadata/refs/heads/main/JPG/Chainflow_symbol_fullcolor.jpg,https://chainflow.io,"Building crypto infrastructure for a brighter future. We are a leading, independent and values-driven operator since 2017.",0x5840748f1237629F361E39E4AEc2C3098d215665,0281297b4c2c2d3739dc697d3f03fc8c868906f4b7f0722c4576563d87f66b4275,13.3011,≈†iauliai,Lithuania,55.93333,23.31667,Siauliai,Europe/Vilnius,active,70105743.83049364,70105743.83049364,0.48106,0,5,5,1763691351
108,0x4A0b4da3869A4486B85369684d148C8112c27B19,CosmosSpaces,https://blob.cosmosspaces.zone/logo.png,https://cosmosspaces.zone/,"Bare Metal Validators, Relayers, and RPC providers. Top tier infrastructure providers rooted in the Cosmos community.",0x2ac7CAD9D51F4F0aed777b68941E7995Ea146Cb7,03b7a11a3db7468c975a3e5b63193b8e5c695804c38e8695423295a7bb12289736,11.4373,Falkenstein,Germany,50.47788,12.37129,Saxony,Europe/Berlin,active,70104007.49629101,70104007.49629101,0.48105,0,10,10,1763247174
18,0x56b77590c9Ba3d028AabD066CD3F6e8C1A8A8069,deNodes,https://s3.amazonaws.com/keybase_processed_uploads/09c7999790959bbbd85b7007adf70205_360_360.jpg,https://denodes.io/,An institutional-grade staking provider delivering secure operations and superior performance for PoS networks,0x26bcDbECC965e46fBc321f966C88ac75500349AB,039463793171c9882ccc4f84dc35ee262e6b2485bacbd2c93bee425a70260b1b23,13.6644,Santa Clara,United States,37.35411,-121.95524,California,America/Los_Angeles,active,70102552.0814811,70102552.0814811,0.48104,0,10,10,1762886348
74,0xBF143eB5Fb279bC926421E01716c5fA9950DE25a,StakeUs,https://raw.githubusercontent.com/StakeUs/Stakeus_LOGO/refs/heads/main/logo-no-background.png,https://stakeus.xyz,Trust Us Stake Us,0x490f91410F8560e98bbA72ac1dE81E3E594bF1f8,02e70703d2fcec2e010c844c96901658bee630e5ddddf8f8f1a6fad6942db80140,11.9943,Cape Town,South Africa,-33.92584,18.42322,Western Cape,Africa/Johannesburg,active,70102067.03751707,70102067.03751707,0.48103,0,10,10,1763087406
19,0x48614aC3C8Ba01cF71b56d9f0dccAB699438Cb03,Natsai,https://avatars.githubusercontent.com/u/197120902?v=4,https://www.natsai.xyz/,"Natsai.xyz manages lean, non-custodial validator operations, ensuring robust and efficient blockchain network security.",0xA6dCD548cE093D5c13513d8BdB17eE3666d0B413,02087d6afd5b2ce1a22aa5682dbb0363f2557bf9cde3545fbd374c98fd2c3f3747,13.1078,Salt Lake City,United States,40.76078,-111.89105,Utah,America/Denver,active,70102000,70102000,0.48103,0,10,10,1762887394
42,0x146b1FF5301a365bC8e0d8862841511A54750193,PathrockNetwork,https://pathrocknetwork.org/images/logo/prn.png,https://pathrocknetwork.org/,Secure Non-Custodial Staking for PoS Blockchain Projects. We run reliable and secure validators and nodes for different blockchain protocols. Come stake with us!,0x594F52D3fCcdA979Bb036bF14ea43a9D6F307F35,025435f996de6f542f59dff45a575096122094d3f9a4b0a626d2535782d94670ca,10.7799,Singapore,Singapore,1.28967,103.85007,Singapore,Asia/Singapore,active,70101039.80869451,70101039.80869451,0.48103,0,10,10,1762979894
60,0xdd1E8D1870d4AadC3D82e51142D50E299149885D,STAKEME,https://raw.githubusercontent.com/stakeme-team/monad-metadata/master/logo/stakeme-logo.png,https://stakeme.pro,"STAKEME helps web 3.0 projects to test their product, and provide the most efficient development support",0x53823cc1efF7d5B2E08eF9013482bEF74cc4fed7,03771aba71c08a270981d70851bfeb27bf0e42e93f331cc1011d32ca47118acc78,11.5896,Saint Petersburg,Russia,59.93863,30.31413,St.-Petersburg,Europe/Moscow,active,70101037.7178084,70101037.7178084,0.48103,0,10,10,1763050510
14,0xeb3B30d62c65358C2154F98c969Dd14F45c0cd2D,StarlightNode,https://starlightnode.com/wp-content/uploads/2025/11/starlighticon.png,https://starlightnode.com/,"Blockchain infra-services provider, committed to support project from their early development stage to mainnet.",0xb3986a5Ca3C7E2b9edE961B94581ccaF59e750Bc,02503df092f06071cd5b82987b204e9ce428469886b71dc1b71083c2a89d0fb50b,11.7416,Frankfurt am Main,Germany,50.139,8.6725,Hesse,Europe/Berlin,active,70100417.998441,70100417.998441,0.48102,0,10,10,1762808979
103,0x3e56e6816cF1E6fCA30fB10DAc237477c47E6D62,Validatus,https://res.cloudinary.com/djhalnnus/image/upload/v1724758514/Validatus-CI/avatar.png,https://validatus.com/,Validatus - verifying blockchain entries on purely Enterprise Linux based systems with regular security audits. Stay safe. Stake with us.,0xdDd18111c41CD12e3770B0F77BaF37F82A4c638f,024f7b6efff634056a9b492ee8fd9c1abcca39747bed66f473f3255cc29502cd1d,11.691,Helsinki,Finland,60.16952,24.93545,Uusimaa,Europe/Helsinki,active,70100163.83526,70100163.83526,0.48102,0,10,10,1763214198
13,0x1FeD138c05D6E691912b04Af8B5581Bc6b7e57C1,kjnodes,https://services.kjnodes.com/assets/images/logos/kjnodes.png,https://kjnodes.com,kjnodes is trusted Proof of Stake validator and web3 infrastructure provider since 2021 we deliver top-notch secure and reliable infrastructure for crypto projects,0x3740283d64e29FBE696a706B7e11e04400b8B892,02a5f68ebdd506ea06ecb6aa9e25fc0d1702d95646122ccf9310602a33d19dc44e,11.7416,Sydney,Australia,-33.86785,151.20732,New South Wales,Australia/Sydney,active,70100105,70100105,0.48102,0,10,10,1762807459
91,0x79129e1306dc1e81F3a2cC5e3B5171fb92FFd99d,Encapsulate,https://raw.githubusercontent.com/encapsulate-xyz/assets/refs/heads/main/encapsulate.png,https://encapsulate.xyz/,"Backed by five years of experience, Encapsulate secures 40+ networks with nearly half a billion dollars in delegated stake, delivering industry-leading uptime, rigorous security, and community-driven open-source tools.",0x232bFa6bE1690455d7EF6Dc488334B35921fd27D,02f9eb1163e3d2ebde9f06fac83d8875e04997ce4711e44e63033fd7ad7a39581b,11.6921,Strasbourg,France,48.58392,7.74553,Grand Est,Europe/Paris,active,70100083.71142723,70100083.71142723,0.48102,0,8,8,1763142376
70,0x7b35EA70D02a2214984D132d9d96856c7E1E4a3A,F5 Nodes,https://f5nodes.com/logo.jpg,https://f5nodes.com,F5 Nodes operates a high-performance infrastructure that ensures an excessive level of security and reliability for blockchain networks & protocols.,0xD1E5A0d089e5D58d071ae5120D4F82b8A6792e77,02d52c830017b7eacf767209be8476d7d5a55f6b04cf1dc1197c8d049e23ae1609,10.2739,Chicago,United States,41.85003,-87.65005,Illinois,America/Chicago,active,70100050,70100050,0.48102,0,10,10,1763067260
65,0x7D1219ce7D6D40B55cFb8Ac9CDe606aa8b69E751,OriginStake,https://assets.r2.originstake.com/ogs-media/Logo/PNG/OriginStake_Logo_1.png,https://originstake.com,"OriginStake is a trusted Proof-of-Stake infrastructure provider and validator, ensuring secure staking on Monad. With extensive blockchain experience and uptime commitment, we deliver reliable performance for decentralized ecosystems.",0xc6b666c6e04a6781E14DfA5F5455E10967268246,02edec54216d835d3634e6220b83d02d337f16142f3caec99c797282ee0858cdee,12.9057,Singapore,Singapore,1.28967,103.85007,Singapore,Asia/Singapore,active,70100031,70100031,0.48102,0,10,10,1763054960
131,0xF8D7F1D3910A5cbfDa3eAD262dAc0B827175c4e1,GulfLabs,https://raw.githubusercontent.com/NunoyHaxxana/GL/refs/heads/main/Gulflabslogo.jpg,www.gulflabs.xyz,Gulf Labs - Blockchain innovation arm of Gulf Energy.,0xb7b249eB2E5dd6ABc34280F807Cff14bAA259Cfe,03bb753a5f75f90cbb3f5cc8e540a429db0a49553eca7293eaef33c6fb7b7e483f,11.2355,Beauharnois,Canada,45.31341,-73.8725,Quebec,America/Toronto,active,70100018.17857465,70100018.17857465,0.48102,0,10,10,1763409267
107,0x0184bEcA902aC4e06E9E260267a8c70940a8bfe7,EmberStake,https://emberstake.xyz/logo.png,https://emberstake.xyz/,Highly Available Cloud-Native Validator Nodes with Remote Signing and Distributed Monitoring for Enhanced Security and Reliability,0x4EEE73A7F95A536f32f7D83e1c83D3dE79E1883B,0396d352e13662e9c6815fa50f9aa213b800725d03832b8f7154bf8fca04527f92,11.5898,Helsinki,Finland,60.16952,24.93545,Uusimaa,Europe/Helsinki,active,70100003.4557093,70100003.4557093,0.48102,0,10,10,1763242118
49,0xf55a615fc35C1C6CdD09EcebD855FCA5e68097Bd,FTP,https://cdn.ftptech.xyz/logo.jpeg,https://ftptech.xyz,"FTP Tech is a trusted, infrastructure provider and active validator across multiple modular and app-specific chains with a focus on high performance, reliability and long-term alignment with the communities we support",0x191CF606f9a0740EC7e5D5De97a0138553A7C044,03f32a3391529192b4b1c364232d0b70bd888aa34bb7dc9f4b9a229007e840948b,11.9441,Bruck an der Leitha,Austria,48.0242,16.7757,Lower Austria,Europe/Vienna,active,70100001,70100001,0.48102,0,10,10,1762995845
113,0xB7D7AE1f6f8fCcf19E4518ec787c87a0f3F6cD77,CroutonDigital,https://crouton.digital/assets/brand/logos/crouton_digital_green_white_symbol.png,https://crouton.digital/,"Crouton Digital is a distributed infrastructure company providing validator, RPC, and node management services across 45 Proof-of-Stake ecosystems. Our focus is on technological reliability, transparency, and building the core infrastructure layer of Web3.",0x993699628acFF55c454dBA2240313E2c8cBc2A69,0243021ec79de84d62adc5c7793c96a35f717526d04a1c32ba0c73126c4ccf4166,12.0453,Bruck an der Leitha,Austria,48.0242,16.7757,Lower Austria,Europe/Vienna,active,70100001,70100001,0.48102,0,10,10,1763280852
101,0xf4D4059927B143E5AD61E933afCcBb0d0A090213,Swissstarnode,https://swissstarnode.tech/images/http___swissstarnode.png,https://swissstarnode.tech/,An independent validator from Switzerland,0x1F462D211ea2ADaAB8Ed0f18111981D7d3dd9dfD,035c93d470471aea2f68fc7016491bf5a2f38a084bfa0412e1960dae14ac2338e3,11.1849,Warsaw,Poland,52.22977,21.01178,Mazovia,Europe/Warsaw,active,70100000,70100000,0.48102,0,10,10,1763181686
44,0x66dA42e2C129C165872f8e5F5F64DC4FE54a264A,BlackBlocks,https://wiki.blackblocks.io/public/logo.svg,https://blackblocks.io,"Reliable, high-performance validator for Monad‚Äôs parallel EVM. We run secure & optimized nodes to support 10k+ TPS.",0x928Fd52837e177438F9FA5BF2390581F1A348Fa7,02641d1034938ab6b4ea50e50ec04ff1bbe33bbae8235b96d27c9f7dc0ffdf785f,12.9563,Frankfurt am Main,Germany,50.1025,8.6299,Hesse,Europe/Berlin,active,70100000,70100000,0.48102,0,10,10,1762990691
167,0xb0D8E7d5651B8A6bB8469DcE0Ba3c5506f2fA961,SenseiNode,https://s3.amazonaws.com/keybase_processed_uploads/426bcc7584e6acccf6db02517ea87905_360_360.jpg,https://www.senseinode.com/,SenseiNode is the first institutional-level blockchain infrastructure provider in Latin America,0xD7f5b619441fAfE525Ea3aBeBCd4a961C1227426,0372dc8eea0084001562484d5ebe9f12ede39d0bda8f4e027b9961f3296a7446ad,12.7539,London,United Kingdom,51.50853,-0.12574,England,Europe/London,active,70100000,70100000,0.48102,0,10,10,1763738111
120,0x8FD62b95da527af73C7FCdC81f02C3fF70d3246A,Validatrium,https://raw.githubusercontent.com/Validatrium/public-uploads/main/validatrium1-1.png,https://validatrium.com/,Stake with us!,0x54895dbaC0793BaEe7F6e60226A98F604E76A31C,03522a53231ddb7e3ef9ec146745ad8177bab3f88d6713086d96b83dc5252c1c7d,12.1465,Bruck an der Leitha,Austria,48.0242,16.7757,Lower Austria,Europe/Vienna,active,70100000,70100000,0.48102,0,10,10,1763372010
90,0x5Dc8573be01a66c331b11a6d99d5142F73b2241E,Brightlystake,https://github.com/Brightlystake/Brightlystake_Official/blob/main/Brightlystake.png?raw=true,https://brightlystake.com,Stake with confidence,0x833b1D188E09D7950604bcad07C99B99A9f36A49,039c9e3fea41b8bbfac64972d794a7a643d86493f5e23ff2a94555e89ce1ff4662,12.8551,Singapore,Singapore,1.28967,103.85007,Singapore,Asia/Singapore,active,70100000,70100000,0.48102,0,10,10,1763141043
85,0xCA8632A5b456e819970857F580d6f791D1C5dc09,StakeAngle,https://stakeangle.com/StakeAngle_logo.png,https://stakeangle.com/,Non-custodial staking provider,0xd5D1E559eD26DF7C085e1d28Ee10cfaCcB393B32,03c14560d143e6ecc9f0bfd54022e5915fc7a00db205395aae1a047a9444179f33,11.9441,Falkenstein,Germany,50.47788,12.37129,Saxony,Europe/Berlin,active,70100000,70100000,0.48102,0,10,10,1763127862
64,0x98eCD7151f5A8E2956C5659CBA0cCFd5D09D69c6,GO2Pro,https://raw.githubusercontent.com/GO2Pro/nodes/refs/heads/main/_i/_l2.png,https://go2pro.xyz/,Trusted non-custodial PoS provider your reliable partner in web3,0xC16aD0D3e739A098737C98d03a785aAEABb3384A,034432e542b3fcc2a6b787aaee4ab1628437e2c0df129737e414c0d87753c72fdc,10.2233,Helsinki,Finland,60.16952,24.93545,Uusimaa,Europe/Helsinki,active,70100000,70100000,0.48102,0,10,10,1763054332
40,0x91BD9d461981a47964A5907B7e2267a16C6a051f,DTEAM,https://raw.githubusercontent.com/DTEAMTECH/identity/refs/heads/main/logo.png,https://dteam.tech/,"dteam.tech provides reliable infrastructure to support and scale projects effectively, along with building essential tools tailored for project communities, node operators and developers.",0x8b7801128d1c1a8dB8370F628A3fd241f3bCDc3e,02563a6a2daa79853b45cc5879ebb6c23b444f7e4b99c4a2e9e472ef57b50b982a,10.78,Buenos Aires,Argentina,-34.61315,-58.37723,Buenos Aires F.D.,America/Argentina/Buenos_Aires,active,70100000,70100000,0.48102,0,10,10,1762974773
84,0x7d46e175BabE0Ed2Eb9367b16bf29a8d791B3E91,MCF,https://mcf.rocks/images/assets/mcf-text-blue.png,https://mcf.rocks/,We operate nodes and infra for next-generation blockchain,0xb2f59531519B1b2D848881Cf7Ba53385488b5C8E,029357a0f283d167ec16c0fd66b66e27378bc1487455d6215e7ac6605b8962bcca,12.7032,Falkenstein,Germany,50.47788,12.37129,Saxony,Europe/Berlin,active,70100000,70100000,0.48102,0,10,10,1763127743
155,0xbab791190597a042e6653e12E671800194DeAe5C,Unit 410,https://unit410.com/images/unit410-square-black.png,https://unit410.com/,Empowering hodlers to use their crypto in secure and novel ways,0xc84286A6EFcD784Ed8a70D3cFD21859df92a1Cb3,02c91dc04ebf007096e7e91e30c3604e57a99d429d5d47cfff047244ed63356739,11.691,Frankfurt am Main,Germany,50.11552,8.68417,Hesse,Europe/Berlin,active,70100000,70100000,0.48102,0,10,10,1763567870
119,0x60c0b333FC159e7657382922b9370dFdd077b07d,CoinSummer Labs,https://s3.amazonaws.com/keybase_processed_uploads/9af13a1fc97728266b5c1e36fa12e305_360_360.jpg,https://coinsummer.io,"Backed by crypto-native degens, CoinSummer is a trusted liquidity provider, staking validator, and AVS operator supporting the crypto and DeFi evolution.",0x37cbF56dBE5E6a18650E7f95a4B4706C1f93B31e,0304a9ac8c0b6dae8cb9be4faf64580dcf3f1c8b2c9c36d3e45301367674c6eafd,12.1971,Falkenstein,Germany,50.47788,12.37129,Saxony,Europe/Berlin,active,70100000,70100000,0.48102,0,10,10,1763369937
130,0x01726Db87A1Eb037Aaa9720bEf37d0bA68B4872D,node101,https://keybase.io/indie_validators/picture,https://node101.io,"We provide infrastructure services, host non-profit developer-focused events, and offer user-friendly products for you to make the most of distributed value.",0x4c57E041E38Ad226186980aF1aB67b391E074C4D,03fd1b112e82f4e2f8c9754e1a157c43f0a87dcbf23245775e00a6e53ab263e921,12.7539,Draper,United States,40.52467,-111.86382,Utah,America/Denver,active,70100000,70100000,0.48102,0,10,10,1763407672
104,0x90d76F75f65A0725eb97f8fBc54146D8c6D8DD63,Needlecast,https://s3.amazonaws.com/keybase_processed_uploads/2a2cd28d7581adf8694975d0ec0d0705_360_360.jpg,https://envoys.io/,Needlecast Validators - validators and smart contract engineers. Securing the interchain since 2021.,0x897B78dDB008B57449f03928E92c35C49352f770,03da0e7e3ecfd8964e1206d4ace45493be737391c9cf825dcf7ba71e9cf6db1cbb,13.3612,Stockholm,Sweden,59.32938,18.06871,Stockholm,Europe/Stockholm,active,70100000,70100000,0.48102,0,10,10,1763216155
179,0x3d6c2D814Cd4c4521b81a32F8Fb42a8594409B70,,,,,0x9c79b6Aa52778E01f60ebAC482490c6D8C476941,0230fa478f6c0e6cab9edc0647080674a784d060328f343cb5e0c5bb3e4e15696e,12.738,,,,,,,active,62512430.29619956,62512430.29619956,0.42895,0,0,0,1765130783
169,0x2367723d5f52997b3E2075958DE9E7757cd22ab2,Gemini,https://www.gemini.com/static/images/gemini-orange@360x360.png,https://gemini.com/staking,"Gemini provides secure, compliant, and resilient validator infrastructure - trusted by institutions and individuals to keep their assets safe and earning rewards.",0x80f1EEe7Ae915a98679197f4094Ba94f7663FCf5,03702f656c784c591c9ff1726a42f8e7fe0c5b199d432a6c92d4d581ae89f487ff,13.4172,Los Angeles,United States,34.05223,-118.24368,California,America/Los_Angeles,active,43100854.81039243,43206103.53062154,0.29575,0,10,10,1763756221
124,0xF249265D16A9D70F684b0E43863242298C25d81c,Ledger by P2P.org,https://cdn.live.ledger.com/icons/ledger.png,https://www.ledger.com/,Ledger by P2P.org,0x371e307F2Eb8f8e2dbb30e774F5283b6124785E7,03fd7841cb4c6cd963d1ed271ce0b450e9933c7d10a8eec5115f6bcd1bbb5f1b17,10.7494,Newark,United States,40.73566,-74.17237,New Jersey,America/New_York,active,30364288.7986884,30380772.17880444,0.20836,0,10,10,1763390576
57,0x6E21A7753Efba2fe0d2BCA874C88a3a6709bcf21,Meria,https://s3.amazonaws.com/keybase_processed_uploads/3fcc4caebb2c8e949829a7b090be3805_360_360.jpg,https://www.meria.com/,French Crypto Investment Provider,0xEE10fF182512ab37a67AdeDC8cd41Ea34Fac3971,02bba6727b32d0d5d254acf4353b4d2a6523210f6b48d74ca40ef979e03af96b68,12.4655,Calais,France,50.95194,1.85635,Hauts-de-France,Europe/Paris,active,27638757.63905536,27638757.63905536,0.18965,0,5,5,1763040373
95,0xFc56737ceb8BB38bb444cD50b40f98Bd91DE0743,Chainlayer,https://chainlayer.io/icons/icon-512x512.png,https://chainlayer.io/,Secure and reliable validator.,0x4fA5eD96D88Aa108675D35C325CeF9eC2A8C6e2F,02cd56b483cda5e28e0c2bbf190d19d343e1eefbb57e001165e6438c9d364a4403,14.5349,Oslo,Norway,59.91273,10.74609,Oslo,Europe/Oslo,active,26605598.93287535,26605598.93287535,0.18256,0,10,10,1763151910
77,0xFf74828274646B80233CbD738CF6C43Cb22C8176,Omakase,https://raw.githubusercontent.com/0xmakase/monad-validator-info/master/config/logo.png,https://0xmakase.co.jp/,KudasaiJP/Omakase is a professional staking and validation service. We also contribute to innovative projects via marketing and development support.,0xCdA5231DB2d619D256936aBF7b03e16987E5b055,02af7c2bafc190d4d841a27d7716ef52fccba7b4893415287cfe8f579371117b79,12.825,Singapore,Singapore,1.28967,103.85007,Singapore,Asia/Singapore,active,21300700.02410537,21300700.02410537,0.14616,0,10,10,1763112136
149,0x753369284Cc9f74739AB3ccC3A67BbE541E2Ca05,Fountainhead,https://pbs.twimg.com/profile_images/1901618986070011905/F6Ix-Mbc_400x400.jpg,https://fountainhead.network,"Accelerating the future: Decentralized, low-latency and high-performance.",0x1bFFc9d70792dC802fE87ed1a1BCE1b4256dcca4,022b554e6057fca7990bb5c966dfb215373a8845026a997ca0c6896abde5cd9cdb,10.1392,Tsuen Wan,Hong Kong,22.37137,114.11329,Tsuen Wan,Asia/Hong_Kong,active,20644693.00229517,20644693.00229517,0.14166,0,10,10,1763552755
80,0xd583CADC6b9d054cE9FF9Abfe2290dE4D5cdd9d3,‚úÖ CryptoCrew,https://avatars.githubusercontent.com/u/128591395,https://ccvalidators.com,Secure and reliable web3 infrastructure | We power the Interchain,0xB30d2E150a39b8195052337f558631B3884153d4,026078bd2db91f27c1222575d429c42db6e2e4eeeb3a7b6e156518c04f564dee96,12.7722,Klosterneuburg,Austria,48.30521,16.32522,Lower Austria,Europe/Vienna,active,20524438.46339275,20524438.46339275,0.14084,0,5,5,1763120259
165,0x67d4a17A0F95BB7653446a38CD8F34237d9F598A,Kraken,https://s3.amazonaws.com/keybase_processed_uploads/9d5ddb4ba450ba6793592fef2d263b05_360_360.jpg,https://www.kraken.com,Kraken Exchange validator,0xc6B10EcE4C14694604DFfF9d825bE70bf831b409,03fdd8ad18412eef357d3904da25b8fdd67034713226cd2832e14129e605b6a643,11.8269,Frankfurt am Main,Germany,50.11552,8.68417,Hesse,Europe/Berlin,active,20398373,20398373,0.13997,0,10,10,1763726009
132,0x52129E12e26dc2aa8b8a4CE0B08C5376237bf343,Ankr,https://www.ankr.com/_next/static/images/ankr-blue-logo-9cb21287573aa404ab083c44faee3db4.png,https://www.ankr.com,Ankr | The Fastest Web3 Infrastructure,0xA8f8a4c79491747098B96A6a9fd5100606336906,02e00cbcb0d6f26ab34c9e3d4caca248156a2b0acea9504190fcd0e489eedc5bef,12.7579,New York City,United States,40.71427,-74.00597,New York,America/New_York,active,20300317.43842365,20300317.43842365,0.1393,0,10,10,1763415175
147,0x0Ce4BB28C807B7955A7c0cC0B71a1B011a4722D5,AltLayer,https://files.altlayer.io/AltLayer-brand-kit/Token%20Icon/PNG/Token%20Icon_Purple_02.png,https://altlayer.io/,"AltLayer is a decentralized protocol for rollups, providing Restaked Rollups with enhanced security, decentralization, and interoperability.",0xcBF7880bfFc99F70F9aaa9b280FAbb184Dc4c634,039d2f476040d601e39bf2bb1e668fa02b592a0e360e6f703e3a35991a63db33e8,10.4861,Helsinki,Finland,60.16952,24.93545,Uusimaa,Europe/Helsinki,active,20300000,20300000,0.1393,0,10,10,1763542033
47,0xD6d60599c28b8F51b1670293C24517753fEd6Dc4,Dead King Society,https://prod-validators.nyc3.digitaloceanspaces.com/wmbunykyzah9rvnwdrup7drqs3dv,https://www.deadkingsociety.io/,We create an outstanding social experience for members by curating our community into the Web3 destination of choice.,0xDca2eE0bFf2c4Bf196b749BDff0E5b8b460a87DE,036eaac90949faaee08ecd21c97154ecb44707b561e8f2312c88d55fd5aa2b19d8,11.7873,Frankfurt am Main,Germany,50.11552,8.68417,Hesse,Europe/Berlin,active,20166008.90982058,20166008.90982058,0.13838,0,10,10,1762994290
161,0xb293Cb38857Ed8A01bB3e11523ad3D10B920e3e1,Animoca Brands,https://storage.googleapis.com/animoca-brands-public-content/img/AB360x360.png,https://www.animocabrands.com/,"Animoca Brands is a Web3 leader that leverages blockchain to deliver digital property rights to consumers around the world to help establish the open metaverse and promote decentralization. We are one of the most active investors in Web3, with a portfolio of over 540 Web3 investments, including Yuga Labs, Axie Infinity, Polygon, Consensys, Magic Eden, Fireblocks, OpenSea, Dapper Labs, Yield Guild Games, and many more. Animoca Brands has been operating validators since 2020 and has expanded to +30 networks with an average uptime above 99.95%, not only are we contributing to the decentralisation of networks with professional in-house technical infrastructure and security capabilities, we also dedicate resources to invest in & grow the ecosystems we are a part of.",0xEcE0a9c4A6e72D8778a0C96a5c6C7478Ebc9059B,034f57c0a58f644151e73ac3d0e73c206c8294834bf1c319eed26b269d42a26998,10.2049,≈†iauliai,Lithuania,55.93333,23.31667,Siauliai,Europe/Vilnius,active,20164014.28169762,20164014.28169762,0.13836,0,10,10,1763635456
27,0xe9c7e838112aA8BB65281bfcF95b2D8F77032A3e,ValiDAO,https://pbs.twimg.com/profile_images/1932719728662831104/Rmp-zeGO_400x400.jpg,https://validao.xyz/,"Farm-to-table, non-custodial proof-of-stake services and products powered by the premiere DAO-owned enterprise with 1k+ stakeholders. Zero VCs, zero seed oils.",0xa34c89dBcEe10C2C06A77cD7A2B79DFF6DA7F51b,020943aae8b02cb2bcc0fce26e8d52e0785af30f4f2532273caf88f4329864641f,11.4439,Singapore,Singapore,1.3557,103.8237,Singapore,Asia/Singapore,active,20151070.16047665,20151070.16047665,0.13827,0,10,10,1762951803
34,0x5903d541CEDd11CF27Fc65286018B7379C4fA7E7,Ghost,https://pub-e803df4321b2451e8a9a7c0807d6da11.r2.dev/ghost_logo.png,https://tryghost.xyz,"Ghost is a research-and-development firm focused on infrastructure and data. We built GhostGraph, the first indexer that lets you write your handlers in Solidity.",0xd4f0A7B477e4773Ac82b4F4f1ce46CEeDe293410,03b7272d367f6007b0d22e95f4c21d7822f039c893d93ada05ec2f6e7d5cf1f8ec,10.3909,Falkenstein,Germany,50.47788,12.37129,Saxony,Europe/Berlin,active,20144644,20144644,0.13823,0,10,10,1762960121
122,0x74Dba08EC91D6Ca862AB9818b3DE9a56D00519a7,BlockHunters üéØ,https://raw.githubusercontent.com/blockhunters-org/operator/refs/heads/main/logo.png,https://blockhunters.org/,"Bare-metal blockchain infrastructure since 2020. Validators, nodes & stories powering Web3.Hunt for the best stake.",0x058F22E3bf5D5252114c78Bd8f01AFD4e1AE9855,02341c2d3ee550a2f8d55e2a04a2b322189a8e33c3e88824fadd134c5be64274f6,13.9148,Warsaw,Poland,52.2284,21.0522,Mazovia,Europe/Warsaw,active,20142378.43963607,20142049.64015592,0.13821,0,10,10,1763387704
118,0xF74728434015cB153B3791e6F00411858c7C17cf,Stakeware,https://stakeware.xyz/logo.png,https://stakeware.xyz,An institutional-grade staking provider delivering secure operations and superior performance for PoS networks,0xe48cF88E81F10360505566Ae12Fa84453d21d0e4,03fc1461b26e14812c43987d7de0cbf2100e3b01ea03b1ef023cf9e24646be7900,13.756,Draper,United States,40.52467,-111.86382,Utah,America/Denver,active,20116961.232169,20116961.232169,0.13804,0,10,10,1763338980
24,0x0386aF656ADa6d3b0FaBe7b8052052E574151393,BlockPI,https://static.blockpi.io/blockpi-logo-mini.png,https://blockpi.io/,Distributed multi-chain acceleration layer.,0xd724928f5DF8ba7A147B902daD20be77B324D4D1,02b360fd267a2aeea63dc3d1be93a24e9102a975f3ca9d30a30e1184390f7d0a81,13.4092,N√ºrnberg,Germany,49.45421,11.07752,Bavaria,Europe/Berlin,active,20108119.10112653,20108119.10112653,0.13798,0,10,10,1762914672
32,0x39FAf9d8E93d5f9073E4daF45A9901fDD1A89087,Kukis Global,https://www.kukis-global.com/assets/img/kg-logo.png,https://kukis-global.com,Reliable validator securing over $2B. Web3.0 infrastructure and service provider.,0xD346e30C880BAbA0b1d1a10F280725589Ddcc055,024b54aafccd2c5c612e0680aa36ace2155db217471b39298831d4ff78ac7a7a03,14.5298,Falkenstein,Germany,50.47788,12.37129,Saxony,Europe/Berlin,active,20103611.92159494,20103611.92159494,0.13795,0,5,5,1762959543
171,0x9C943c459406F8555b7f0068D210443411075a31,BitGo,https://raw.githubusercontent.com/the-smooth-operator/test/refs/heads/main/Shield%20Logo%20Kockout_Blue-Light.png,https://www.bitgo.com/,Institutional staking powered by BitGo's secure infrastructure.,0xB0bc9bB14bE37a113a72dD429b25D2546Bc25230,02f65a9874fc0b18d9780ca0d2a08deffc35606190796c3a5f3b3b89e6af679958,13.2367,Dublin,Ireland,53.33306,-6.24889,Leinster,Europe/Dublin,active,20102001.1080987,20102001.1080987,0.13794,0,10,10,1763804347
137,0xe8EE0C6029FfD5E5f792e40bE40D3aFd81ebecd0,Hex Trust,https://raw.githubusercontent.com/BCWResearch/bcw-logo/refs/heads/main/trust.jpg,https://www.hextrust.com/,"Hex Trust is a fully licensed digital asset custodian dedicated to providing solutions for protocols, foundations, financial institutions, and the Web3 ecosystem.",0xe8EE0C6029FfD5E5f792e40bE40D3aFd81ebecd0,03762d5546cebbe997825ebbc64eee92d109f308bc7c1083cef48d1022ef9c3596,10.5904,Frankfurt am Main,Germany,50.11552,8.68417,Hesse,Europe/Berlin,active,20100090,20100090,0.13792,0,10,10,1763456627
33,0x6DdD31C196C2424cA19EE415Febe3F87fAe12749,Staketab,https://brand-staketab.s3.eu-north-1.amazonaws.com/staketab/validator.png,https://staketab.com,Staketab is engaged in professional validation in various blockchain networks. We develop fast and high-quality explorers and other ecosystem tools.,0x3D51B64110b10aE6623E6088D680b6B579aD3a17,03af0190d4984071353ec6e290c2c62c4d9f44763098f40c8062595c206c843af0,11.473,Beauharnois,Canada,45.31341,-73.8725,Quebec,America/Toronto,active,20100002,20100002,0.13792,0,10,10,1762959933
140,0x0236981c07702798b71E8aF747281024322Ec5AA,NTT Digital,https://figment-logo.s3.ca-central-1.amazonaws.com/NTTDigital.jpg,https://nttdigital.io,"As a web3 enabler, NTT Digital, Inc. will promote the creation of an environment in which individuals and companies can easily and safely use blockchain technology toward the social implementation of cutting-edge digital technologies.",0x0a071580E2D0525335Bac5321fE9785D40472Fa7,0347967f3ecab6a70429374bc8339d81c4615d49cec1243b5d17927def66750373,15.0031,Calais,France,50.95194,1.85635,Hauts-de-France,Europe/Paris,active,20100000,20100000,0.13792,0,10,10,1763478999
164,0x709fA985e2DBF558C8B8988104f39F79Cc406c07,DIN,https://qluoylkpykklajrjkfdh.supabase.co/storage/v1/object/public/operator-logos/DIN_Logo-Circ_Orange.png,https://www.din.build/,Decentralized Infrastructure Network (DIN) is a marketplace protocol for web3 and AI infrastructure. Our AVS is now live on EigenCloud.,0x4101A10146332e81625ff7Ccdce4cF8eA53D5354,03b40ffec31790b993046a23617332154c4f3459ef530b41cd960bbc17a60f2032,12.885,Beauharnois,Canada,45.31341,-73.8725,Quebec,America/Toronto,active,20100000,20100000,0.13792,0,10,10,1763708770
